publicacion_id,vintage_id
BCR.BALANZA_COMERCIAL,BCR.BALANZA_COMERCIAL.v2026-07
BCR.INDICES_PRECIOS_COMERCIO_EXTERIOR,BCR.INDICES_PRECIOS_COMERCIO_EXTERIOR.v2026-07
BCR.IPP,BCR.IPP.v2026-08
BCR.ITCER,BCR.ITCER.v2026-07
BCR.IVAE.VIGENTE,BCR.IVAE.VIGENTE.v2026-07
BCR.PIB_T.INDICES_VOLUMEN_ENCADENADOS_NSA,BCR.PIB_T.INDICES_VOLUMEN_ENCADENADOS_NSA.v2026-06
BCR.PIB_T.INDICES_VOLUMEN_ENCADENADOS_SA,BCR.PIB_T.INDICES_VOLUMEN_ENCADENADOS_SA.v2026-06
BCR.PIB_T.NOMINAL,BCR.PIB_T.NOMINAL.v2026-06
BCR.PIB_T.SERIE_RETROPOLADA_1990_2005,BCR.PIB_T.SERIE_RETROPOLADA_1990_2005.v2019-03
BCR.REMESAS_FAMILIARES_MENSUAL,BCR.REMESAS_FAMILIARES_MENSUAL.v2026-08
ONEC.IPC.BASE_2009,ONEC.IPC.BASE_2009.v2026-09
UT.DEMANDA_TOTAL_MENSUAL,UT.DEMANDA_TOTAL_MENSUAL.v2002-12
UT.DEMANDA_TOTAL_MENSUAL,UT.DEMANDA_TOTAL_MENSUAL.v2003-12
UT.DEMANDA_TOTAL_MENSUAL,UT.DEMANDA_TOTAL_MENSUAL.v2004-12
UT.DEMANDA_TOTAL_MENSUAL,UT.DEMANDA_TOTAL_MENSUAL.v2005-12
UT.DEMANDA_TOTAL_MENSUAL,UT.DEMANDA_TOTAL_MENSUAL.v2006-12
UT.DEMANDA_TOTAL_MENSUAL,UT.DEMANDA_TOTAL_MENSUAL.v2007-12
UT.DEMANDA_TOTAL_MENSUAL,UT.DEMANDA_TOTAL_MENSUAL.v2008-12
UT.DEMANDA_TOTAL_MENSUAL,UT.DEMANDA_TOTAL_MENSUAL.v2009-12
UT.DEMANDA_TOTAL_MENSUAL,UT.DEMANDA_TOTAL_MENSUAL.v2010-12
UT.DEMANDA_TOTAL_MENSUAL,UT.DEMANDA_TOTAL_MENSUAL.v2011-12
UT.DEMANDA_TOTAL_MENSUAL,UT.DEMANDA_TOTAL_MENSUAL.v2012-12
UT.DEMANDA_TOTAL_MENSUAL,UT.DEMANDA_TOTAL_MENSUAL.v2013-12
UT.DEMANDA_TOTAL_MENSUAL,UT.DEMANDA_TOTAL_MENSUAL.v2014-12
UT.DEMANDA_TOTAL_MENSUAL,UT.DEMANDA_TOTAL_MENSUAL.v2015-12
UT.DEMANDA_TOTAL_MENSUAL,UT.DEMANDA_TOTAL_MENSUAL.v2016-12
UT.DEMANDA_TOTAL_MENSUAL,UT.DEMANDA_TOTAL_MENSUAL.v2017-12
UT.DEMANDA_TOTAL_MENSUAL,UT.DEMANDA_TOTAL_MENSUAL.v2018-12
UT.DEMANDA_TOTAL_MENSUAL,UT.DEMANDA_TOTAL_MENSUAL.v2019-12
UT.DEMANDA_TOTAL_MENSUAL,UT.DEMANDA_TOTAL_MENSUAL.v2020-12
UT.DEMANDA_TOTAL_MENSUAL,UT.DEMANDA_TOTAL_MENSUAL.v2021-12
UT.DEMANDA_TOTAL_MENSUAL,UT.DEMANDA_TOTAL_MENSUAL.v2022-12
UT.DEMANDA_TOTAL_MENSUAL,UT.DEMANDA_TOTAL_MENSUAL.v2023-12
UT.DEMANDA_TOTAL_MENSUAL,UT.DEMANDA_TOTAL_MENSUAL.v2024-12
UT.DEMANDA_TOTAL_MENSUAL,UT.DEMANDA_TOTAL_MENSUAL.v2025-12
UT.DEMANDA_TOTAL_MENSUAL,UT.DEMANDA_TOTAL_MENSUAL.v2026-07
