"serie_id","transformacion","n_obs","adf_tipo","adf_estadistico","adf_cval_1pct","adf_cval_5pct","adf_cval_10pct","adf_rezagos","adf_techo_rezagos","adf_ljung_box_p","adf_rechaza_raiz_unitaria","kpss_tipo","kpss_estadistico","kpss_cval_1pct","kpss_cval_5pct","kpss_cval_10pct","kpss_rezagos_truncamiento","kpss_rechaza_estacionariedad","conclusion","adf_estadistico_con_estacional","adf_rezagos_con_estacional","adf_rechaza_raiz_unitaria_con_estacional","adf_f_dummies_estacionales","adf_f_dummies_p","adf_f_dummies_gl_num","adf_f_dummies_gl_den","conclusion_con_estacional","adf_estadistico_con_outliers","adf_n_outliers_consumidos","fecha_generacion"
"BCR_EXPORT_FOB_NOM_NSA_M","diff",389,"drift",-7.79377811538888,-3.44,-2.87,-2.57,11,16,0.01481623798985,TRUE,"mu",0.0134360906091328,0.739,0.463,0.347,5,FALSE,"estacionaria",-18.3142107461806,1,TRUE,17.5079836937365,8.98213039046828e-28,11,358,"estacionaria",,0,"2026-09-23"
"BCR_EXPORT_FOB_NOM_NSA_M","diff_log",389,"drift",-7.90577115679844,-3.44,-2.87,-2.57,11,16,0.0207963451251937,TRUE,"mu",0.115334601749877,0.739,0.463,0.347,5,FALSE,"estacionaria",-11.8587787589369,4,TRUE,18.037378866341,1.66810341609512e-28,11,355,"estacionaria",,0,"2026-09-23"
"BCR_EXPORT_FOB_NOM_NSA_M","log",390,"trend",-2.96471213177353,-3.98,-3.42,-3.13,12,16,0.021925599630456,FALSE,"tau",0.954053557902614,0.216,0.146,0.119,5,TRUE,"no_estacionaria",-4.27886979511355,2,TRUE,16.5483266698739,2.52069432414259e-26,11,357,"ambigua_ambas_rechazan",,0,"2026-09-23"
"BCR_EXPORT_FOB_NOM_NSA_M","nivel",390,"trend",-6.71125965474822,-3.98,-3.42,-3.13,1,16,9.50861722692764e-10,TRUE,"tau",0.323246140349672,0.216,0.146,0.119,5,TRUE,"ambigua_ambas_rechazan",-5.90539460549376,1,TRUE,15.7869105215772,3.48220756765128e-25,11,358,"ambigua_ambas_rechazan",,0,"2026-09-23"
"BCR_EXPORT_FOB_NOM_NSA_Q","diff",129,"drift",-9.90581306006782,-3.46,-2.88,-2.57,2,12,0.898870164544422,TRUE,"mu",0.0315405518791398,0.739,0.463,0.347,4,FALSE,"estacionaria",-13.7686323987946,0,TRUE,10.8327156852772,2.67956248549214e-06,3,111,"estacionaria",,0,"2026-09-23"
"BCR_EXPORT_FOB_NOM_NSA_Q","diff_log",129,"drift",-10.6008218557106,-3.46,-2.88,-2.57,2,12,0.577579912063224,TRUE,"mu",0.23072774746116,0.739,0.463,0.347,4,FALSE,"estacionaria",-11.1889671767818,1,TRUE,9.69726432606532,9.88139164157258e-06,3,110,"estacionaria",,0,"2026-09-23"
"BCR_EXPORT_FOB_NOM_NSA_Q","log",130,"trend",-5.6362932012728,-3.99,-3.43,-3.13,0,12,0.0241321106424389,TRUE,"tau",0.470539569209752,0.216,0.146,0.119,4,TRUE,"ambigua_ambas_rechazan",-4.91710256637545,0,TRUE,9.19369725171881,1.74802885132662e-05,3,111,"ambigua_ambas_rechazan",,0,"2026-09-23"
"BCR_EXPORT_FOB_NOM_NSA_Q","nivel",130,"trend",-6.20493631420739,-3.99,-3.43,-3.13,0,12,0.0323734775915502,TRUE,"tau",0.198551856055349,0.216,0.146,0.119,4,TRUE,"ambigua_ambas_rechazan",-5.33073670625409,0,TRUE,10.5894782046648,3.52694791127297e-06,3,111,"ambigua_ambas_rechazan",,0,"2026-09-23"
"BCR_IPM_IDX_NSA_M","diff",256,"drift",-13.0244003990264,-3.44,-2.87,-2.57,0,15,0.290607094095588,TRUE,"mu",0.0786390558737353,0.739,0.463,0.347,5,FALSE,"estacionaria",-12.6248084176376,0,TRUE,1.02408528436207,0.425809501377206,11,227,"estacionaria",,0,"2026-09-23"
"BCR_IPM_IDX_NSA_M","diff_log",256,"drift",-13.2606673658245,-3.44,-2.87,-2.57,0,15,0.27371600720536,TRUE,"mu",0.0912927599720377,0.739,0.463,0.347,5,FALSE,"estacionaria",-12.8231864965384,0,TRUE,0.912694236302625,0.528850246093226,11,227,"estacionaria",,0,"2026-09-23"
"BCR_IPM_IDX_NSA_M","log",257,"trend",-2.76706399059654,-3.98,-3.42,-3.13,4,15,0.950105609614719,FALSE,"tau",0.324040610492099,0.216,0.146,0.119,5,TRUE,"no_estacionaria",-2.73792046125908,4,FALSE,1.11250938647137,0.352340670151057,11,223,"no_estacionaria",,0,"2026-09-23"
"BCR_IPM_IDX_NSA_M","nivel",257,"trend",-1.79182901211511,-3.98,-3.42,-3.13,1,15,0.167553734494848,FALSE,"tau",0.319380931351673,0.216,0.146,0.119,5,TRUE,"no_estacionaria",-2.57740855613503,4,FALSE,1.23867831725234,0.262526080801698,11,223,"no_estacionaria",,0,"2026-09-23"
"BCR_IPM_IDX_NSA_Q","diff",84,"drift",-5.7659976507041,-3.51,-2.89,-2.58,0,11,0.884455269748379,TRUE,"mu",0.0690332795084396,0.739,0.463,0.347,3,FALSE,"estacionaria",-5.62917658979895,0,TRUE,0.376791380177267,0.770018939480336,3,67,"estacionaria",,0,"2026-09-23"
"BCR_IPM_IDX_NSA_Q","diff_log",84,"drift",-5.93104195363157,-3.51,-2.89,-2.58,0,11,0.86137711907675,TRUE,"mu",0.0890167175259421,0.739,0.463,0.347,3,FALSE,"estacionaria",-5.79558917364407,0,TRUE,0.303276924666947,0.822916514382215,3,67,"estacionaria",,0,"2026-09-23"
"BCR_IPM_IDX_NSA_Q","log",85,"trend",-2.65606721993019,-4.04,-3.45,-3.15,1,11,0.851849762591314,FALSE,"tau",0.176522552537757,0.216,0.146,0.119,3,TRUE,"no_estacionaria",-2.58808376697683,1,FALSE,0.387300684965926,0.762504454770035,3,66,"no_estacionaria",,0,"2026-09-23"
"BCR_IPM_IDX_NSA_Q","nivel",85,"trend",-2.55740031591219,-4.04,-3.45,-3.15,1,11,0.849489404618412,FALSE,"tau",0.172134953764106,0.216,0.146,0.119,3,TRUE,"no_estacionaria",-2.49383053806043,1,FALSE,0.460663899828258,0.710699581988141,3,66,"no_estacionaria",,0,"2026-09-23"
"BCR_IPP_IDX_NSA_M","diff",199,"drift",-3.2712002291625,-3.46,-2.88,-2.57,4,14,0.937886386201773,TRUE,"mu",0.348432003713384,0.739,0.463,0.347,4,FALSE,"estacionaria",-2.92194775863749,4,TRUE,1.60574348146136,0.101088535948718,11,167,"estacionaria",,0,"2026-09-23"
"BCR_IPP_IDX_NSA_M","diff_log",199,"drift",-4.15294267905453,-3.46,-2.88,-2.57,3,14,0.421152530956572,TRUE,"mu",0.255460893488115,0.739,0.463,0.347,4,FALSE,"estacionaria",-3.13293504573493,4,TRUE,1.48734231993101,0.140287822038082,11,167,"estacionaria",,0,"2026-09-23"
"BCR_IPP_IDX_NSA_M","log",200,"trend",-1.2855175460892,-3.99,-3.43,-3.13,4,14,0.244274926419789,FALSE,"tau",0.590092597356315,0.216,0.146,0.119,4,TRUE,"no_estacionaria",-1.56258888761825,5,FALSE,1.54027819366541,0.121447174268833,11,166,"no_estacionaria",,0,"2026-09-23"
"BCR_IPP_IDX_NSA_M","nivel",200,"trend",-1.20059279611867,-3.99,-3.43,-3.13,5,14,0.805127500314778,FALSE,"tau",0.678506928509852,0.216,0.146,0.119,4,TRUE,"no_estacionaria",-1.23155657046993,5,FALSE,1.6456706683607,0.090306146681416,11,166,"no_estacionaria",,0,"2026-09-23"
"BCR_IPP_IDX_NSA_Q","diff",65,"drift",-3.07000082823049,-3.51,-2.89,-2.58,0,10,0.862764103321011,TRUE,"mu",0.209488600747351,0.739,0.463,0.347,3,FALSE,"estacionaria",-2.91311550851998,0,TRUE,1.36004442584644,0.265977448603997,3,49,"estacionaria",,0,"2026-09-23"
"BCR_IPP_IDX_NSA_Q","diff_log",65,"drift",-3.14855654017093,-3.51,-2.89,-2.58,0,10,0.856071426914302,TRUE,"mu",0.162800434333004,0.739,0.463,0.347,3,FALSE,"estacionaria",-2.97595097814627,0,TRUE,1.34987683159449,0.269113943082289,3,49,"estacionaria",,0,"2026-09-23"
"BCR_IPP_IDX_NSA_Q","log",66,"trend",-1.23325753435635,-4.04,-3.45,-3.15,1,10,0.795041475263072,FALSE,"tau",0.261543228473331,0.216,0.146,0.119,3,TRUE,"no_estacionaria",-1.22903110864711,1,FALSE,1.31931570341548,0.279011998375376,3,48,"no_estacionaria",,0,"2026-09-23"
"BCR_IPP_IDX_NSA_Q","nivel",66,"trend",-1.0315232879683,-4.04,-3.45,-3.15,1,10,0.844264552423632,FALSE,"tau",0.296634666002509,0.216,0.146,0.119,3,TRUE,"no_estacionaria",-1.03569691618704,1,FALSE,1.32993772372997,0.275626119699574,3,48,"no_estacionaria",,0,"2026-09-23"
"BCR_ITCER_IDX_NSA_M","diff",317,"drift",-19.9264812479539,-3.44,-2.87,-2.57,0,16,0.570586570415232,TRUE,"mu",0.19325262466071,0.739,0.463,0.347,5,FALSE,"estacionaria",-20.0477420066352,0,TRUE,2.29488931605041,0.0105329826280266,11,287,"estacionaria",,0,"2026-09-23"
"BCR_ITCER_IDX_NSA_M","diff_log",317,"drift",-19.8983355877352,-3.44,-2.87,-2.57,0,16,0.565733902246766,TRUE,"mu",0.189497323868139,0.739,0.463,0.347,5,FALSE,"estacionaria",-20.01963718086,0,TRUE,2.28866492030293,0.0107604736544181,11,287,"estacionaria",,0,"2026-09-23"
"BCR_ITCER_IDX_NSA_M","log",318,"trend",-2.8187251125809,-3.98,-3.42,-3.13,0,16,0.259527574038216,FALSE,"tau",1.00948187181244,0.216,0.146,0.119,5,TRUE,"no_estacionaria",-2.65042938440544,0,FALSE,1.80068346311852,0.0534558820600689,11,287,"no_estacionaria",,0,"2026-09-23"
"BCR_ITCER_IDX_NSA_M","nivel",318,"trend",-2.82229119404247,-3.98,-3.42,-3.13,0,16,0.250633978290187,FALSE,"tau",1.01789546391892,0.216,0.146,0.119,5,TRUE,"no_estacionaria",-2.65140389361334,0,FALSE,1.79791519632955,0.0539181749572702,11,287,"no_estacionaria",,0,"2026-09-23"
"BCR_ITCER_IDX_NSA_Q","diff",105,"drift",-10.6223915497322,-3.46,-2.88,-2.57,0,12,0.852516109730915,TRUE,"mu",0.345400477836123,0.739,0.463,0.347,4,FALSE,"estacionaria",-9.88615686090485,0,TRUE,2.73563120276644,0.0484042661726732,3,87,"estacionaria",,0,"2026-09-23"
"BCR_ITCER_IDX_NSA_Q","diff_log",105,"drift",-10.5828628072369,-3.46,-2.88,-2.57,0,12,0.872165192292287,TRUE,"mu",0.332192038424435,0.739,0.463,0.347,4,FALSE,"estacionaria",-9.86405657776606,0,TRUE,2.72720165095747,0.0489114811481752,3,87,"estacionaria",,0,"2026-09-23"
"BCR_ITCER_IDX_NSA_Q","log",106,"trend",-2.91793899845393,-3.99,-3.43,-3.13,0,12,0.723782777284423,FALSE,"tau",0.443977041302458,0.216,0.146,0.119,4,TRUE,"no_estacionaria",-2.77841820164165,0,FALSE,2.89503185545352,0.0397440985405523,3,87,"no_estacionaria",,0,"2026-09-23"
"BCR_ITCER_IDX_NSA_Q","nivel",106,"trend",-2.87992975948934,-3.99,-3.43,-3.13,0,12,0.680936142450464,FALSE,"tau",0.44796021416727,0.216,0.146,0.119,4,TRUE,"no_estacionaria",-2.73629676186641,0,FALSE,2.91757470894396,0.0386514798128671,3,87,"no_estacionaria",,0,"2026-09-23"
"BCR_IVAE_VOL_SA_M","diff",256,"drift",-14.9733447557005,-3.44,-2.87,-2.57,0,15,0.0271775848446685,TRUE,"mu",0.0494620001054833,0.739,0.463,0.347,5,FALSE,"estacionaria",-14.6086689556625,0,TRUE,0.773396868280797,0.666460870484024,11,227,"estacionaria",,0,"2026-09-23"
"BCR_IVAE_VOL_SA_M","diff_log",256,"drift",-15.0376753401543,-3.44,-2.87,-2.57,0,15,0.0231655181024411,TRUE,"mu",0.0268490852230885,0.739,0.463,0.347,5,FALSE,"estacionaria",-14.6814081412682,0,TRUE,0.754516919764051,0.685120655427513,11,227,"estacionaria",,0,"2026-09-23"
"BCR_IVAE_VOL_SA_M","log",257,"trend",-4.40020440261711,-3.98,-3.42,-3.13,0,15,0.156576460047375,TRUE,"tau",0.185683080523935,0.216,0.146,0.119,5,TRUE,"ambigua_ambas_rechazan",-4.22102992461425,0,TRUE,0.708852223083702,0.729571731527425,11,227,"ambigua_ambas_rechazan",,0,"2026-09-23"
"BCR_IVAE_VOL_SA_M","nivel",257,"trend",-3.73109145489566,-3.98,-3.42,-3.13,0,15,0.146997823543858,TRUE,"tau",0.347546792094993,0.216,0.146,0.119,5,TRUE,"ambigua_ambas_rechazan",-3.56273494289888,0,TRUE,0.734606784844539,0.704644976446056,11,227,"ambigua_ambas_rechazan",,0,"2026-09-23"
"BCR_IVAE_VOL_SA_Q","diff",84,"drift",-9.60037183063236,-3.51,-2.89,-2.58,0,11,0.228120816918516,TRUE,"mu",0.0772275888516936,0.739,0.463,0.347,3,FALSE,"estacionaria",-9.41844319268426,0,TRUE,0.717606868679412,0.544938493220361,3,67,"estacionaria",,0,"2026-09-23"
"BCR_IVAE_VOL_SA_Q","diff_log",84,"drift",-9.92442012114015,-3.51,-2.89,-2.58,0,11,0.213337422460697,TRUE,"mu",0.041299337306836,0.739,0.463,0.347,3,FALSE,"estacionaria",-9.73328914918424,0,TRUE,0.713845509889973,0.547149731889637,3,67,"estacionaria",,0,"2026-09-23"
"BCR_IVAE_VOL_SA_Q","log",85,"trend",-4.59379537528539,-4.04,-3.45,-3.15,0,11,0.948984861219992,TRUE,"tau",0.118672106039269,0.216,0.146,0.119,3,FALSE,"estacionaria",-4.45204415506888,0,TRUE,0.572926131697785,0.634787830588746,3,67,"estacionaria",,0,"2026-09-23"
"BCR_IVAE_VOL_SA_Q","nivel",85,"trend",-4.05399656627868,-4.04,-3.45,-3.15,0,11,0.913209699482809,TRUE,"tau",0.210103645321133,0.216,0.146,0.119,3,TRUE,"ambigua_ambas_rechazan",-3.9305833174054,0,TRUE,0.599612165252607,0.617495541930815,3,67,"ambigua_ambas_rechazan",,0,"2026-09-23"
"BCR_REMESAS_NOM_NSA_M","diff",426,"drift",-5.63398762248101,-3.44,-2.87,-2.57,11,17,5.36728883560045e-10,TRUE,"mu",0.145677761327479,0.739,0.463,0.347,5,FALSE,"estacionaria",-5.92335296135554,12,TRUE,6.97695604930621,8.76410255288518e-11,11,383,"estacionaria",,0,"2026-09-23"
"BCR_REMESAS_NOM_NSA_M","diff_log",426,"drift",-7.42512433878206,-3.44,-2.87,-2.57,11,17,2.52925498002154e-05,TRUE,"mu",0.0183461627949116,0.739,0.463,0.347,5,FALSE,"estacionaria",-13.2793096407071,4,TRUE,60.689730831957,1.44522788939531e-77,11,391,"estacionaria",,0,"2026-09-23"
"BCR_REMESAS_NOM_NSA_M","log",427,"trend",-1.68178388907668,-3.98,-3.42,-3.13,12,17,2.24588345291155e-05,FALSE,"tau",0.939549391655682,0.216,0.146,0.119,5,TRUE,"no_estacionaria",-2.76543951713761,2,FALSE,67.4180945709209,2.10974528172806e-83,11,393,"no_estacionaria",,0,"2026-09-23"
"BCR_REMESAS_NOM_NSA_M","nivel",427,"trend",-0.538783731148731,-3.98,-3.42,-3.13,12,17,2.25057084080049e-10,FALSE,"tau",1.11758264339041,0.216,0.146,0.119,5,TRUE,"no_estacionaria",-0.0633771242189522,13,FALSE,6.95939842019605,9.46908741388918e-11,11,382,"no_estacionaria",,0,"2026-09-23"
"BCR_REMESAS_NOM_NSA_Q","diff",141,"drift",-5.2150444012996,-3.46,-2.88,-2.57,3,13,0.120263885053326,TRUE,"mu",0.503619993760023,0.739,0.463,0.347,4,TRUE,"ambigua_ambas_rechazan",-16.8549399179512,0,TRUE,13.5218194224275,1.1265282540795e-07,3,122,"ambigua_ambas_rechazan",,0,"2026-09-23"
"BCR_REMESAS_NOM_NSA_Q","diff_log",141,"drift",-5.33937499948804,-3.46,-2.88,-2.57,3,13,0.0903917965507763,TRUE,"mu",0.0587936306798649,0.739,0.463,0.347,4,FALSE,"estacionaria",-13.4908892057842,0,TRUE,28.1689407418989,6.54149001346589e-14,3,122,"estacionaria",,0,"2026-09-23"
"BCR_REMESAS_NOM_NSA_Q","log",142,"trend",-2.10787405368869,-3.99,-3.43,-3.13,4,13,0.124960217162913,FALSE,"tau",0.409491582831799,0.216,0.146,0.119,4,TRUE,"no_estacionaria",-2.37764126359999,0,FALSE,57.2465397604758,3.59692992436326e-23,3,122,"no_estacionaria",,0,"2026-09-23"
"BCR_REMESAS_NOM_NSA_Q","nivel",142,"trend",-0.272157750146325,-3.99,-3.43,-3.13,4,13,0.0910958589902907,FALSE,"tau",0.479669281172478,0.216,0.146,0.119,4,TRUE,"no_estacionaria",-0.0905002012450686,1,FALSE,13.4232069643385,1.27807340110113e-07,3,121,"no_estacionaria",,0,"2026-09-23"
"BCR_REMESAS_REAL_NSA_M","diff",199,"drift",-4.49473705959899,-3.46,-2.88,-2.57,12,14,1.44824615078143e-06,TRUE,"mu",0.0683854726656923,0.739,0.463,0.347,4,FALSE,"estacionaria",-11.7793509655529,1,TRUE,45.0024822267379,1.26838089551608e-44,11,170,"estacionaria",,0,"2026-09-23"
"BCR_REMESAS_REAL_NSA_M","diff_log",199,"drift",-5.30939995598578,-3.46,-2.88,-2.57,12,14,1.80088631649422e-05,TRUE,"mu",0.0517722387848512,0.739,0.463,0.347,4,FALSE,"estacionaria",-11.959952997542,1,TRUE,45.9713501905527,3.36310961011879e-45,11,170,"estacionaria",,0,"2026-09-23"
"BCR_REMESAS_REAL_NSA_M","log",200,"trend",-2.74404340920208,-3.99,-3.43,-3.13,13,14,2.05059557779608e-05,FALSE,"tau",0.294145137749145,0.216,0.146,0.119,4,TRUE,"no_estacionaria",-5.3053181413355,0,TRUE,47.5147569224742,3.1182930682477e-46,11,171,"ambigua_ambas_rechazan",,0,"2026-09-23"
"BCR_REMESAS_REAL_NSA_M","nivel",200,"trend",-3.08345711607465,-3.99,-3.43,-3.13,12,14,1.29336623422294e-06,FALSE,"tau",0.484054969768125,0.216,0.146,0.119,4,TRUE,"no_estacionaria",-4.71101116198839,0,TRUE,50.7960625035451,4.37768308565408e-48,11,171,"ambigua_ambas_rechazan",,0,"2026-09-23"
"BCR_REMESAS_REAL_NSA_Q","diff",65,"drift",-14.5530470062836,-3.51,-2.89,-2.58,0,10,0.441964548345672,TRUE,"mu",0.147176775093856,0.739,0.463,0.347,3,FALSE,"estacionaria",-9.34077907111539,0,TRUE,8.93439929533,7.94560172219224e-05,3,49,"estacionaria",,0,"2026-09-23"
"BCR_REMESAS_REAL_NSA_Q","diff_log",65,"drift",-14.8889571926729,-3.51,-2.89,-2.58,0,10,0.195955911774456,TRUE,"mu",0.0801337325914528,0.739,0.463,0.347,3,FALSE,"estacionaria",-9.52920189335587,0,TRUE,9.08491499846695,6.90297860655917e-05,3,49,"estacionaria",,0,"2026-09-23"
"BCR_REMESAS_REAL_NSA_Q","log",66,"trend",-3.24912943325083,-4.04,-3.45,-3.15,1,10,0.27240301507565,FALSE,"tau",0.179084088288796,0.216,0.146,0.119,3,TRUE,"no_estacionaria",-4.01078440646255,0,TRUE,13.0416812560837,2.20013488747123e-06,3,49,"ambigua_ambas_rechazan",,0,"2026-09-23"
"BCR_REMESAS_REAL_NSA_Q","nivel",66,"trend",-2.81523590760753,-4.04,-3.45,-3.15,1,10,0.360041245334514,FALSE,"tau",0.254949440738545,0.216,0.146,0.119,3,TRUE,"no_estacionaria",-3.4888622857662,0,TRUE,14.1375622151967,9.15202275387914e-07,3,49,"ambigua_ambas_rechazan",,0,"2026-09-23"
"PIB_SA_OFICIAL_Q","diff",84,"drift",-9.56381298270745,-3.51,-2.89,-2.58,0,11,0.201433244732547,TRUE,"mu",0.0842124137594415,0.739,0.463,0.347,3,FALSE,"estacionaria",-9.35763079807707,0,TRUE,0.800157707242955,0.498134412359459,3,67,"estacionaria",,0,"2026-09-23"
"PIB_SA_OFICIAL_Q","diff_log",84,"drift",-9.90441342354895,-3.51,-2.89,-2.58,0,11,0.180817955437275,TRUE,"mu",0.0417271561518123,0.739,0.463,0.347,3,FALSE,"estacionaria",-9.68577497576521,0,TRUE,0.804180804049358,0.495938017273159,3,67,"estacionaria",,0,"2026-09-23"
"PIB_SA_OFICIAL_Q","log",85,"trend",-4.53815241872467,-4.04,-3.45,-3.15,0,11,0.941458574722767,TRUE,"tau",0.134694848260963,0.216,0.146,0.119,3,FALSE,"estacionaria",-4.39405768330923,0,TRUE,0.680667619224304,0.566948645375718,3,67,"estacionaria",,0,"2026-09-23"
"PIB_SA_OFICIAL_Q","nivel",85,"trend",-3.87536175338643,-4.04,-3.45,-3.15,0,11,0.919681369317813,TRUE,"tau",0.239891184326089,0.216,0.146,0.119,3,TRUE,"ambigua_ambas_rechazan",-3.7548758793365,0,TRUE,0.699838403408912,0.555444154228774,3,67,"ambigua_ambas_rechazan",,0,"2026-09-23"
"PIB_SA_PROPIO_Q","diff",144,"drift",-10.6303421929063,-3.46,-2.88,-2.57,1,13,0.148514706933395,TRUE,"mu",0.107459219292385,0.739,0.463,0.347,4,FALSE,"estacionaria",-10.3928115865804,1,TRUE,0.953275456829016,0.417170826620313,3,124,"estacionaria",,0,"2026-09-23"
"PIB_SA_PROPIO_Q","diff_log",144,"drift",-10.8017880696152,-3.46,-2.88,-2.57,1,13,0.121121403752126,TRUE,"mu",0.0958550636348274,0.739,0.463,0.347,4,FALSE,"estacionaria",-10.5693235946879,1,TRUE,0.886016879166512,0.450431331674023,3,124,"estacionaria",,0,"2026-09-23"
"PIB_SA_PROPIO_Q","log",145,"trend",-5.39755263326748,-3.99,-3.43,-3.13,0,13,0.980200368866698,TRUE,"tau",0.216323477013417,0.216,0.146,0.119,4,TRUE,"ambigua_ambas_rechazan",-5.27670158031601,0,TRUE,0.920154525021619,0.433256043150766,3,125,"ambigua_ambas_rechazan",-1.53766116896459,2,"2026-09-23"
"PIB_SA_PROPIO_Q","nivel",145,"trend",-3.51792712987195,-3.99,-3.43,-3.13,0,13,0.832790929501759,TRUE,"tau",0.341835076469505,0.216,0.146,0.119,4,TRUE,"ambigua_ambas_rechazan",-3.45146344659925,0,TRUE,1.11284819738566,0.346552175931637,3,125,"ambigua_ambas_rechazan",0.306560733222761,2,"2026-09-23"
"UT_DEMANDA_ELEC_GWH_NSA_M","diff",294,"drift",-6.04423911506418,-3.44,-2.87,-2.57,11,15,7.05307290127521e-07,TRUE,"mu",0.038319897268821,0.739,0.463,0.347,5,FALSE,"estacionaria",-20.5692689371903,0,TRUE,40.7258869310074,1.04388131242075e-50,11,265,"estacionaria",,0,"2026-09-23"
"UT_DEMANDA_ELEC_GWH_NSA_M","diff_log",294,"drift",-6.12203398844409,-3.44,-2.87,-2.57,11,15,3.4097360326335e-06,TRUE,"mu",0.0331135345484711,0.739,0.463,0.347,5,FALSE,"estacionaria",-19.3920116146063,0,TRUE,46.7831336009643,9.39618202491594e-56,11,265,"estacionaria",,0,"2026-09-23"
"UT_DEMANDA_ELEC_GWH_NSA_M","log",295,"trend",-2.25448442410783,-3.98,-3.42,-3.13,12,15,3.68165125452791e-06,FALSE,"tau",0.721712786478949,0.216,0.146,0.119,5,TRUE,"no_estacionaria",-4.37988437497763,0,TRUE,64.5888579718323,1.84479627341349e-68,11,265,"ambigua_ambas_rechazan",,0,"2026-09-23"
"UT_DEMANDA_ELEC_GWH_NSA_M","nivel",295,"trend",-2.18576741349666,-3.98,-3.42,-3.13,12,15,1.23963363596324e-06,FALSE,"tau",0.519847576759714,0.216,0.146,0.119,5,TRUE,"no_estacionaria",-3.97595431386446,1,TRUE,39.2162150166789,2.62041632729245e-49,11,264,"ambigua_ambas_rechazan",,0,"2026-09-23"
"UT_DEMANDA_ELEC_GWH_NSA_Q","diff",97,"drift",-8.19062670270353,-3.51,-2.89,-2.58,2,11,0.829150832172846,TRUE,"mu",0.0984805646749099,0.739,0.463,0.347,3,FALSE,"estacionaria",-11.8666428374557,0,TRUE,11.0594923735019,3.77026064863158e-06,3,80,"estacionaria",,0,"2026-09-23"
"UT_DEMANDA_ELEC_GWH_NSA_Q","diff_log",97,"drift",-9.56803053799511,-3.51,-2.89,-2.58,1,11,0.540958278139417,TRUE,"mu",0.150455567964373,0.739,0.463,0.347,3,FALSE,"estacionaria",-12.27223513466,0,TRUE,10.3325519509642,8.02898507071041e-06,3,80,"estacionaria",,0,"2026-09-23"
"UT_DEMANDA_ELEC_GWH_NSA_Q","log",98,"trend",-4.42216682584419,-4.04,-3.45,-3.15,0,11,0.247042043275061,TRUE,"tau",0.424118847837056,0.216,0.146,0.119,3,TRUE,"ambigua_ambas_rechazan",-3.1321193402493,1,FALSE,8.88787536115944,3.82081022754393e-05,3,79,"no_estacionaria",,0,"2026-09-23"
"UT_DEMANDA_ELEC_GWH_NSA_Q","nivel",98,"trend",-4.39947150840691,-4.04,-3.45,-3.15,0,11,0.1532369377752,TRUE,"tau",0.335145442403517,0.216,0.146,0.119,3,TRUE,"ambigua_ambas_rechazan",-2.93932717739557,1,FALSE,9.1562975233397,2.85959812293415e-05,3,79,"no_estacionaria",,0,"2026-09-23"
