exp_id,modelo_id,vintage_id,muestra_inicio,muestra_fin,esquema_validacion,horizontes,semilla,commit_hash,fecha_corrida,entorno,ruta_resultados
F4_BENCH_G1__BENCH.AR1,BENCH.AR1,BCR.PIB_T.INDICES_VOLUMEN_ENCADENADOS_NSA.v2026-06 + BCR.PIB_T.SERIE_RETROPOLADA_1990_2005.v2019-03,1990-Q1,2026-Q1,expansiva|origen=ultimo_estimado|grupo=G1|vintage=revision_vigente|sa=reestimado_en_origen|perdida=yoy_pp,"1,2,4,8",174615742,94ee0dbfc428c2c994e0ee8deb72157874663b8e,2026-09-28,R version 4.6.1 (2026-06-24 ucrt); x86_64-w64-mingw32; renv.lock sha256:33e5cba2a702,data/L4_experiments/F4_BENCH_G1/
F4_BENCH_G1__BENCH.ARP_BIC,BENCH.ARP_BIC,BCR.PIB_T.INDICES_VOLUMEN_ENCADENADOS_NSA.v2026-06 + BCR.PIB_T.SERIE_RETROPOLADA_1990_2005.v2019-03,1990-Q1,2026-Q1,expansiva|origen=ultimo_estimado|grupo=G1|vintage=revision_vigente|sa=reestimado_en_origen|perdida=yoy_pp,"1,2,4,8",201495423,94ee0dbfc428c2c994e0ee8deb72157874663b8e,2026-09-28,R version 4.6.1 (2026-06-24 ucrt); x86_64-w64-mingw32; renv.lock sha256:33e5cba2a702,data/L4_experiments/F4_BENCH_G1/
F4_BENCH_G1__BENCH.ETS,BENCH.ETS,BCR.PIB_T.INDICES_VOLUMEN_ENCADENADOS_NSA.v2026-06 + BCR.PIB_T.SERIE_RETROPOLADA_1990_2005.v2019-03,1990-Q1,2026-Q1,expansiva|origen=ultimo_estimado|grupo=G1|vintage=revision_vigente|sa=reestimado_en_origen|perdida=yoy_pp,"1,2,4,8",108138855,94ee0dbfc428c2c994e0ee8deb72157874663b8e,2026-09-28,R version 4.6.1 (2026-06-24 ucrt); x86_64-w64-mingw32; renv.lock sha256:33e5cba2a702,data/L4_experiments/F4_BENCH_G1/
F4_BENCH_G1__BENCH.MEDIA_CRECIMIENTO,BENCH.MEDIA_CRECIMIENTO,BCR.PIB_T.INDICES_VOLUMEN_ENCADENADOS_NSA.v2026-06 + BCR.PIB_T.SERIE_RETROPOLADA_1990_2005.v2019-03,1990-Q1,2026-Q1,expansiva|origen=ultimo_estimado|grupo=G1|vintage=revision_vigente|sa=reestimado_en_origen|perdida=yoy_pp,"1,2,4,8",43619573,94ee0dbfc428c2c994e0ee8deb72157874663b8e,2026-09-28,R version 4.6.1 (2026-06-24 ucrt); x86_64-w64-mingw32; renv.lock sha256:33e5cba2a702,data/L4_experiments/F4_BENCH_G1/
F4_BENCH_G1__BENCH.RW_CON_DERIVA,BENCH.RW_CON_DERIVA,BCR.PIB_T.INDICES_VOLUMEN_ENCADENADOS_NSA.v2026-06 + BCR.PIB_T.SERIE_RETROPOLADA_1990_2005.v2019-03,1990-Q1,2026-Q1,expansiva|origen=ultimo_estimado|grupo=G1|vintage=revision_vigente|sa=reestimado_en_origen|perdida=yoy_pp,"1,2,4,8",189025950,94ee0dbfc428c2c994e0ee8deb72157874663b8e,2026-09-28,R version 4.6.1 (2026-06-24 ucrt); x86_64-w64-mingw32; renv.lock sha256:33e5cba2a702,data/L4_experiments/F4_BENCH_G1/
F4_BENCH_G1__BENCH.RW_SIN_DERIVA,BENCH.RW_SIN_DERIVA,BCR.PIB_T.INDICES_VOLUMEN_ENCADENADOS_NSA.v2026-06 + BCR.PIB_T.SERIE_RETROPOLADA_1990_2005.v2019-03,1990-Q1,2026-Q1,expansiva|origen=ultimo_estimado|grupo=G1|vintage=revision_vigente|sa=reestimado_en_origen|perdida=yoy_pp,"1,2,4,8",164239498,94ee0dbfc428c2c994e0ee8deb72157874663b8e,2026-09-28,R version 4.6.1 (2026-06-24 ucrt); x86_64-w64-mingw32; renv.lock sha256:33e5cba2a702,data/L4_experiments/F4_BENCH_G1/
F4_BENCH_G1_R1__BENCH.AR1,BENCH.AR1,BCR.PIB_T.INDICES_VOLUMEN_ENCADENADOS_NSA.v2026-06 + BCR.PIB_T.SERIE_RETROPOLADA_1990_2005.v2019-03,1990-Q2,2026-Q1,rodante92|origen=ultimo_estimado|grupo=G1|vintage=revision_vigente|sa=reestimado_en_origen|perdida=yoy_pp,"1,2,4,8",88805406,94ee0dbfc428c2c994e0ee8deb72157874663b8e,2026-09-28,R version 4.6.1 (2026-06-24 ucrt); x86_64-w64-mingw32; renv.lock sha256:33e5cba2a702,data/L4_experiments/F4_BENCH_G1_R1/
F4_BENCH_G1_R1__BENCH.ARP_BIC,BENCH.ARP_BIC,BCR.PIB_T.INDICES_VOLUMEN_ENCADENADOS_NSA.v2026-06 + BCR.PIB_T.SERIE_RETROPOLADA_1990_2005.v2019-03,1990-Q2,2026-Q1,rodante92|origen=ultimo_estimado|grupo=G1|vintage=revision_vigente|sa=reestimado_en_origen|perdida=yoy_pp,"1,2,4,8",65978543,94ee0dbfc428c2c994e0ee8deb72157874663b8e,2026-09-28,R version 4.6.1 (2026-06-24 ucrt); x86_64-w64-mingw32; renv.lock sha256:33e5cba2a702,data/L4_experiments/F4_BENCH_G1_R1/
F4_BENCH_G1_R1__BENCH.ETS,BENCH.ETS,BCR.PIB_T.INDICES_VOLUMEN_ENCADENADOS_NSA.v2026-06 + BCR.PIB_T.SERIE_RETROPOLADA_1990_2005.v2019-03,1990-Q2,2026-Q1,rodante92|origen=ultimo_estimado|grupo=G1|vintage=revision_vigente|sa=reestimado_en_origen|perdida=yoy_pp,"1,2,4,8",236074683,94ee0dbfc428c2c994e0ee8deb72157874663b8e,2026-09-28,R version 4.6.1 (2026-06-24 ucrt); x86_64-w64-mingw32; renv.lock sha256:33e5cba2a702,data/L4_experiments/F4_BENCH_G1_R1/
F4_BENCH_G1_R1__BENCH.MEDIA_CRECIMIENTO,BENCH.MEDIA_CRECIMIENTO,BCR.PIB_T.INDICES_VOLUMEN_ENCADENADOS_NSA.v2026-06 + BCR.PIB_T.SERIE_RETROPOLADA_1990_2005.v2019-03,1990-Q2,2026-Q1,rodante92|origen=ultimo_estimado|grupo=G1|vintage=revision_vigente|sa=reestimado_en_origen|perdida=yoy_pp,"1,2,4,8",160845117,94ee0dbfc428c2c994e0ee8deb72157874663b8e,2026-09-28,R version 4.6.1 (2026-06-24 ucrt); x86_64-w64-mingw32; renv.lock sha256:33e5cba2a702,data/L4_experiments/F4_BENCH_G1_R1/
F4_BENCH_G1_R1__BENCH.RW_CON_DERIVA,BENCH.RW_CON_DERIVA,BCR.PIB_T.INDICES_VOLUMEN_ENCADENADOS_NSA.v2026-06 + BCR.PIB_T.SERIE_RETROPOLADA_1990_2005.v2019-03,1990-Q2,2026-Q1,rodante92|origen=ultimo_estimado|grupo=G1|vintage=revision_vigente|sa=reestimado_en_origen|perdida=yoy_pp,"1,2,4,8",165130778,94ee0dbfc428c2c994e0ee8deb72157874663b8e,2026-09-28,R version 4.6.1 (2026-06-24 ucrt); x86_64-w64-mingw32; renv.lock sha256:33e5cba2a702,data/L4_experiments/F4_BENCH_G1_R1/
F4_BENCH_G1_R1__BENCH.RW_SIN_DERIVA,BENCH.RW_SIN_DERIVA,BCR.PIB_T.INDICES_VOLUMEN_ENCADENADOS_NSA.v2026-06 + BCR.PIB_T.SERIE_RETROPOLADA_1990_2005.v2019-03,1990-Q2,2026-Q1,rodante92|origen=ultimo_estimado|grupo=G1|vintage=revision_vigente|sa=reestimado_en_origen|perdida=yoy_pp,"1,2,4,8",174036,94ee0dbfc428c2c994e0ee8deb72157874663b8e,2026-09-28,R version 4.6.1 (2026-06-24 ucrt); x86_64-w64-mingw32; renv.lock sha256:33e5cba2a702,data/L4_experiments/F4_BENCH_G1_R1/
F4_BENCH_G1_R6__BENCH.AR1,BENCH.AR1,BCR.PIB_T.INDICES_VOLUMEN_ENCADENADOS_NSA.v2026-06 + BCR.PIB_T.SERIE_RETROPOLADA_1990_2005.v2019-03,1990-Q1,2026-Q1,expansiva|origen=ultimo_estimado|grupo=G1|vintage=revision_vigente|sa=l3_unico|perdida=yoy_pp,"1,2,4,8",104157707,94ee0dbfc428c2c994e0ee8deb72157874663b8e,2026-09-28,R version 4.6.1 (2026-06-24 ucrt); x86_64-w64-mingw32; renv.lock sha256:33e5cba2a702,data/L4_experiments/F4_BENCH_G1_R6/
F4_BENCH_G1_R6__BENCH.ARP_BIC,BENCH.ARP_BIC,BCR.PIB_T.INDICES_VOLUMEN_ENCADENADOS_NSA.v2026-06 + BCR.PIB_T.SERIE_RETROPOLADA_1990_2005.v2019-03,1990-Q1,2026-Q1,expansiva|origen=ultimo_estimado|grupo=G1|vintage=revision_vigente|sa=l3_unico|perdida=yoy_pp,"1,2,4,8",29844373,94ee0dbfc428c2c994e0ee8deb72157874663b8e,2026-09-28,R version 4.6.1 (2026-06-24 ucrt); x86_64-w64-mingw32; renv.lock sha256:33e5cba2a702,data/L4_experiments/F4_BENCH_G1_R6/
F4_BENCH_G1_R6__BENCH.ETS,BENCH.ETS,BCR.PIB_T.INDICES_VOLUMEN_ENCADENADOS_NSA.v2026-06 + BCR.PIB_T.SERIE_RETROPOLADA_1990_2005.v2019-03,1990-Q1,2026-Q1,expansiva|origen=ultimo_estimado|grupo=G1|vintage=revision_vigente|sa=l3_unico|perdida=yoy_pp,"1,2,4,8",163155046,94ee0dbfc428c2c994e0ee8deb72157874663b8e,2026-09-28,R version 4.6.1 (2026-06-24 ucrt); x86_64-w64-mingw32; renv.lock sha256:33e5cba2a702,data/L4_experiments/F4_BENCH_G1_R6/
F4_BENCH_G1_R6__BENCH.MEDIA_CRECIMIENTO,BENCH.MEDIA_CRECIMIENTO,BCR.PIB_T.INDICES_VOLUMEN_ENCADENADOS_NSA.v2026-06 + BCR.PIB_T.SERIE_RETROPOLADA_1990_2005.v2019-03,1990-Q1,2026-Q1,expansiva|origen=ultimo_estimado|grupo=G1|vintage=revision_vigente|sa=l3_unico|perdida=yoy_pp,"1,2,4,8",116281678,94ee0dbfc428c2c994e0ee8deb72157874663b8e,2026-09-28,R version 4.6.1 (2026-06-24 ucrt); x86_64-w64-mingw32; renv.lock sha256:33e5cba2a702,data/L4_experiments/F4_BENCH_G1_R6/
F4_BENCH_G1_R6__BENCH.RW_CON_DERIVA,BENCH.RW_CON_DERIVA,BCR.PIB_T.INDICES_VOLUMEN_ENCADENADOS_NSA.v2026-06 + BCR.PIB_T.SERIE_RETROPOLADA_1990_2005.v2019-03,1990-Q1,2026-Q1,expansiva|origen=ultimo_estimado|grupo=G1|vintage=revision_vigente|sa=l3_unico|perdida=yoy_pp,"1,2,4,8",150052668,94ee0dbfc428c2c994e0ee8deb72157874663b8e,2026-09-28,R version 4.6.1 (2026-06-24 ucrt); x86_64-w64-mingw32; renv.lock sha256:33e5cba2a702,data/L4_experiments/F4_BENCH_G1_R6/
F4_BENCH_G1_R6__BENCH.RW_SIN_DERIVA,BENCH.RW_SIN_DERIVA,BCR.PIB_T.INDICES_VOLUMEN_ENCADENADOS_NSA.v2026-06 + BCR.PIB_T.SERIE_RETROPOLADA_1990_2005.v2019-03,1990-Q1,2026-Q1,expansiva|origen=ultimo_estimado|grupo=G1|vintage=revision_vigente|sa=l3_unico|perdida=yoy_pp,"1,2,4,8",176199340,94ee0dbfc428c2c994e0ee8deb72157874663b8e,2026-09-28,R version 4.6.1 (2026-06-24 ucrt); x86_64-w64-mingw32; renv.lock sha256:33e5cba2a702,data/L4_experiments/F4_BENCH_G1_R6/
F4_BENCH_G2__BENCH.AR1,BENCH.AR1,BCR.PIB_T.INDICES_VOLUMEN_ENCADENADOS_NSA.v2026-06 + BCR.PIB_T.SERIE_RETROPOLADA_1990_2005.v2019-03,1990-Q1,2026-Q1,expansiva|origen=ultimo_estimado|grupo=G2|vintage=revision_vigente|sa=reestimado_en_origen|perdida=yoy_pp,"1,2,4,8",23115989,94ee0dbfc428c2c994e0ee8deb72157874663b8e,2026-09-28,R version 4.6.1 (2026-06-24 ucrt); x86_64-w64-mingw32; renv.lock sha256:33e5cba2a702,data/L4_experiments/F4_BENCH_G2/
F4_BENCH_G2__BENCH.ARP_BIC,BENCH.ARP_BIC,BCR.PIB_T.INDICES_VOLUMEN_ENCADENADOS_NSA.v2026-06 + BCR.PIB_T.SERIE_RETROPOLADA_1990_2005.v2019-03,1990-Q1,2026-Q1,expansiva|origen=ultimo_estimado|grupo=G2|vintage=revision_vigente|sa=reestimado_en_origen|perdida=yoy_pp,"1,2,4,8",250914800,94ee0dbfc428c2c994e0ee8deb72157874663b8e,2026-09-28,R version 4.6.1 (2026-06-24 ucrt); x86_64-w64-mingw32; renv.lock sha256:33e5cba2a702,data/L4_experiments/F4_BENCH_G2/
F4_BENCH_G2__BENCH.ETS,BENCH.ETS,BCR.PIB_T.INDICES_VOLUMEN_ENCADENADOS_NSA.v2026-06 + BCR.PIB_T.SERIE_RETROPOLADA_1990_2005.v2019-03,1990-Q1,2026-Q1,expansiva|origen=ultimo_estimado|grupo=G2|vintage=revision_vigente|sa=reestimado_en_origen|perdida=yoy_pp,"1,2,4,8",107016569,94ee0dbfc428c2c994e0ee8deb72157874663b8e,2026-09-28,R version 4.6.1 (2026-06-24 ucrt); x86_64-w64-mingw32; renv.lock sha256:33e5cba2a702,data/L4_experiments/F4_BENCH_G2/
F4_BENCH_G2__BENCH.MEDIA_CRECIMIENTO,BENCH.MEDIA_CRECIMIENTO,BCR.PIB_T.INDICES_VOLUMEN_ENCADENADOS_NSA.v2026-06 + BCR.PIB_T.SERIE_RETROPOLADA_1990_2005.v2019-03,1990-Q1,2026-Q1,expansiva|origen=ultimo_estimado|grupo=G2|vintage=revision_vigente|sa=reestimado_en_origen|perdida=yoy_pp,"1,2,4,8",90299252,94ee0dbfc428c2c994e0ee8deb72157874663b8e,2026-09-28,R version 4.6.1 (2026-06-24 ucrt); x86_64-w64-mingw32; renv.lock sha256:33e5cba2a702,data/L4_experiments/F4_BENCH_G2/
F4_BENCH_G2__BENCH.RW_CON_DERIVA,BENCH.RW_CON_DERIVA,BCR.PIB_T.INDICES_VOLUMEN_ENCADENADOS_NSA.v2026-06 + BCR.PIB_T.SERIE_RETROPOLADA_1990_2005.v2019-03,1990-Q1,2026-Q1,expansiva|origen=ultimo_estimado|grupo=G2|vintage=revision_vigente|sa=reestimado_en_origen|perdida=yoy_pp,"1,2,4,8",104646264,94ee0dbfc428c2c994e0ee8deb72157874663b8e,2026-09-28,R version 4.6.1 (2026-06-24 ucrt); x86_64-w64-mingw32; renv.lock sha256:33e5cba2a702,data/L4_experiments/F4_BENCH_G2/
F4_BENCH_G2__BENCH.RW_SIN_DERIVA,BENCH.RW_SIN_DERIVA,BCR.PIB_T.INDICES_VOLUMEN_ENCADENADOS_NSA.v2026-06 + BCR.PIB_T.SERIE_RETROPOLADA_1990_2005.v2019-03,1990-Q1,2026-Q1,expansiva|origen=ultimo_estimado|grupo=G2|vintage=revision_vigente|sa=reestimado_en_origen|perdida=yoy_pp,"1,2,4,8",40835877,94ee0dbfc428c2c994e0ee8deb72157874663b8e,2026-09-28,R version 4.6.1 (2026-06-24 ucrt); x86_64-w64-mingw32; renv.lock sha256:33e5cba2a702,data/L4_experiments/F4_BENCH_G2/
F4_BENCH_G2_R1__BENCH.AR1,BENCH.AR1,BCR.PIB_T.INDICES_VOLUMEN_ENCADENADOS_NSA.v2026-06 + BCR.PIB_T.SERIE_RETROPOLADA_1990_2005.v2019-03,1992-Q1,2026-Q1,rodante92|origen=ultimo_estimado|grupo=G2|vintage=revision_vigente|sa=reestimado_en_origen|perdida=yoy_pp,"1,2,4,8",170177461,94ee0dbfc428c2c994e0ee8deb72157874663b8e,2026-09-28,R version 4.6.1 (2026-06-24 ucrt); x86_64-w64-mingw32; renv.lock sha256:33e5cba2a702,data/L4_experiments/F4_BENCH_G2_R1/
F4_BENCH_G2_R1__BENCH.ARP_BIC,BENCH.ARP_BIC,BCR.PIB_T.INDICES_VOLUMEN_ENCADENADOS_NSA.v2026-06 + BCR.PIB_T.SERIE_RETROPOLADA_1990_2005.v2019-03,1992-Q1,2026-Q1,rodante92|origen=ultimo_estimado|grupo=G2|vintage=revision_vigente|sa=reestimado_en_origen|perdida=yoy_pp,"1,2,4,8",11719873,94ee0dbfc428c2c994e0ee8deb72157874663b8e,2026-09-28,R version 4.6.1 (2026-06-24 ucrt); x86_64-w64-mingw32; renv.lock sha256:33e5cba2a702,data/L4_experiments/F4_BENCH_G2_R1/
F4_BENCH_G2_R1__BENCH.ETS,BENCH.ETS,BCR.PIB_T.INDICES_VOLUMEN_ENCADENADOS_NSA.v2026-06 + BCR.PIB_T.SERIE_RETROPOLADA_1990_2005.v2019-03,1992-Q1,2026-Q1,rodante92|origen=ultimo_estimado|grupo=G2|vintage=revision_vigente|sa=reestimado_en_origen|perdida=yoy_pp,"1,2,4,8",96378977,94ee0dbfc428c2c994e0ee8deb72157874663b8e,2026-09-28,R version 4.6.1 (2026-06-24 ucrt); x86_64-w64-mingw32; renv.lock sha256:33e5cba2a702,data/L4_experiments/F4_BENCH_G2_R1/
F4_BENCH_G2_R1__BENCH.MEDIA_CRECIMIENTO,BENCH.MEDIA_CRECIMIENTO,BCR.PIB_T.INDICES_VOLUMEN_ENCADENADOS_NSA.v2026-06 + BCR.PIB_T.SERIE_RETROPOLADA_1990_2005.v2019-03,1992-Q1,2026-Q1,rodante92|origen=ultimo_estimado|grupo=G2|vintage=revision_vigente|sa=reestimado_en_origen|perdida=yoy_pp,"1,2,4,8",218184130,94ee0dbfc428c2c994e0ee8deb72157874663b8e,2026-09-28,R version 4.6.1 (2026-06-24 ucrt); x86_64-w64-mingw32; renv.lock sha256:33e5cba2a702,data/L4_experiments/F4_BENCH_G2_R1/
F4_BENCH_G2_R1__BENCH.RW_CON_DERIVA,BENCH.RW_CON_DERIVA,BCR.PIB_T.INDICES_VOLUMEN_ENCADENADOS_NSA.v2026-06 + BCR.PIB_T.SERIE_RETROPOLADA_1990_2005.v2019-03,1992-Q1,2026-Q1,rodante92|origen=ultimo_estimado|grupo=G2|vintage=revision_vigente|sa=reestimado_en_origen|perdida=yoy_pp,"1,2,4,8",187679765,94ee0dbfc428c2c994e0ee8deb72157874663b8e,2026-09-28,R version 4.6.1 (2026-06-24 ucrt); x86_64-w64-mingw32; renv.lock sha256:33e5cba2a702,data/L4_experiments/F4_BENCH_G2_R1/
F4_BENCH_G2_R1__BENCH.RW_SIN_DERIVA,BENCH.RW_SIN_DERIVA,BCR.PIB_T.INDICES_VOLUMEN_ENCADENADOS_NSA.v2026-06 + BCR.PIB_T.SERIE_RETROPOLADA_1990_2005.v2019-03,1992-Q1,2026-Q1,rodante92|origen=ultimo_estimado|grupo=G2|vintage=revision_vigente|sa=reestimado_en_origen|perdida=yoy_pp,"1,2,4,8",85531254,94ee0dbfc428c2c994e0ee8deb72157874663b8e,2026-09-28,R version 4.6.1 (2026-06-24 ucrt); x86_64-w64-mingw32; renv.lock sha256:33e5cba2a702,data/L4_experiments/F4_BENCH_G2_R1/
F4_BENCH_G2_R2__BENCH.AR1,BENCH.AR1,BCR.PIB_T.INDICES_VOLUMEN_ENCADENADOS_NSA.v2026-06,2005-Q1,2026-Q1,homogenea2005|origen=ultimo_estimado|grupo=G2|vintage=revision_vigente|sa=reestimado_en_origen|perdida=yoy_pp,"1,2,4,8",17727974,94ee0dbfc428c2c994e0ee8deb72157874663b8e,2026-09-28,R version 4.6.1 (2026-06-24 ucrt); x86_64-w64-mingw32; renv.lock sha256:33e5cba2a702,data/L4_experiments/F4_BENCH_G2_R2/
F4_BENCH_G2_R2__BENCH.ARP_BIC,BENCH.ARP_BIC,BCR.PIB_T.INDICES_VOLUMEN_ENCADENADOS_NSA.v2026-06,2005-Q1,2026-Q1,homogenea2005|origen=ultimo_estimado|grupo=G2|vintage=revision_vigente|sa=reestimado_en_origen|perdida=yoy_pp,"1,2,4,8",242518884,94ee0dbfc428c2c994e0ee8deb72157874663b8e,2026-09-28,R version 4.6.1 (2026-06-24 ucrt); x86_64-w64-mingw32; renv.lock sha256:33e5cba2a702,data/L4_experiments/F4_BENCH_G2_R2/
F4_BENCH_G2_R2__BENCH.ETS,BENCH.ETS,BCR.PIB_T.INDICES_VOLUMEN_ENCADENADOS_NSA.v2026-06,2005-Q1,2026-Q1,homogenea2005|origen=ultimo_estimado|grupo=G2|vintage=revision_vigente|sa=reestimado_en_origen|perdida=yoy_pp,"1,2,4,8",196726904,94ee0dbfc428c2c994e0ee8deb72157874663b8e,2026-09-28,R version 4.6.1 (2026-06-24 ucrt); x86_64-w64-mingw32; renv.lock sha256:33e5cba2a702,data/L4_experiments/F4_BENCH_G2_R2/
F4_BENCH_G2_R2__BENCH.MEDIA_CRECIMIENTO,BENCH.MEDIA_CRECIMIENTO,BCR.PIB_T.INDICES_VOLUMEN_ENCADENADOS_NSA.v2026-06,2005-Q1,2026-Q1,homogenea2005|origen=ultimo_estimado|grupo=G2|vintage=revision_vigente|sa=reestimado_en_origen|perdida=yoy_pp,"1,2,4,8",200033528,94ee0dbfc428c2c994e0ee8deb72157874663b8e,2026-09-28,R version 4.6.1 (2026-06-24 ucrt); x86_64-w64-mingw32; renv.lock sha256:33e5cba2a702,data/L4_experiments/F4_BENCH_G2_R2/
F4_BENCH_G2_R2__BENCH.RW_CON_DERIVA,BENCH.RW_CON_DERIVA,BCR.PIB_T.INDICES_VOLUMEN_ENCADENADOS_NSA.v2026-06,2005-Q1,2026-Q1,homogenea2005|origen=ultimo_estimado|grupo=G2|vintage=revision_vigente|sa=reestimado_en_origen|perdida=yoy_pp,"1,2,4,8",80499049,94ee0dbfc428c2c994e0ee8deb72157874663b8e,2026-09-28,R version 4.6.1 (2026-06-24 ucrt); x86_64-w64-mingw32; renv.lock sha256:33e5cba2a702,data/L4_experiments/F4_BENCH_G2_R2/
F4_BENCH_G2_R2__BENCH.RW_SIN_DERIVA,BENCH.RW_SIN_DERIVA,BCR.PIB_T.INDICES_VOLUMEN_ENCADENADOS_NSA.v2026-06,2005-Q1,2026-Q1,homogenea2005|origen=ultimo_estimado|grupo=G2|vintage=revision_vigente|sa=reestimado_en_origen|perdida=yoy_pp,"1,2,4,8",261822480,94ee0dbfc428c2c994e0ee8deb72157874663b8e,2026-09-28,R version 4.6.1 (2026-06-24 ucrt); x86_64-w64-mingw32; renv.lock sha256:33e5cba2a702,data/L4_experiments/F4_BENCH_G2_R2/
F4_BENCH_G2_R5__BENCH.AR1,BENCH.AR1,BCR.PIB_T.INDICES_VOLUMEN_ENCADENADOS_SA.v2026-06,2005-Q1,2026-Q1,expansiva|origen=ultimo_estimado|grupo=G2|vintage=revision_vigente|sa=l3_unico|perdida=yoy_pp,"1,2,4,8",11652686,94ee0dbfc428c2c994e0ee8deb72157874663b8e,2026-09-28,R version 4.6.1 (2026-06-24 ucrt); x86_64-w64-mingw32; renv.lock sha256:33e5cba2a702,data/L4_experiments/F4_BENCH_G2_R5/
F4_BENCH_G2_R5__BENCH.ARP_BIC,BENCH.ARP_BIC,BCR.PIB_T.INDICES_VOLUMEN_ENCADENADOS_SA.v2026-06,2005-Q1,2026-Q1,expansiva|origen=ultimo_estimado|grupo=G2|vintage=revision_vigente|sa=l3_unico|perdida=yoy_pp,"1,2,4,8",143870332,94ee0dbfc428c2c994e0ee8deb72157874663b8e,2026-09-28,R version 4.6.1 (2026-06-24 ucrt); x86_64-w64-mingw32; renv.lock sha256:33e5cba2a702,data/L4_experiments/F4_BENCH_G2_R5/
F4_BENCH_G2_R5__BENCH.ETS,BENCH.ETS,BCR.PIB_T.INDICES_VOLUMEN_ENCADENADOS_SA.v2026-06,2005-Q1,2026-Q1,expansiva|origen=ultimo_estimado|grupo=G2|vintage=revision_vigente|sa=l3_unico|perdida=yoy_pp,"1,2,4,8",34199050,94ee0dbfc428c2c994e0ee8deb72157874663b8e,2026-09-28,R version 4.6.1 (2026-06-24 ucrt); x86_64-w64-mingw32; renv.lock sha256:33e5cba2a702,data/L4_experiments/F4_BENCH_G2_R5/
F4_BENCH_G2_R5__BENCH.MEDIA_CRECIMIENTO,BENCH.MEDIA_CRECIMIENTO,BCR.PIB_T.INDICES_VOLUMEN_ENCADENADOS_SA.v2026-06,2005-Q1,2026-Q1,expansiva|origen=ultimo_estimado|grupo=G2|vintage=revision_vigente|sa=l3_unico|perdida=yoy_pp,"1,2,4,8",73791149,94ee0dbfc428c2c994e0ee8deb72157874663b8e,2026-09-28,R version 4.6.1 (2026-06-24 ucrt); x86_64-w64-mingw32; renv.lock sha256:33e5cba2a702,data/L4_experiments/F4_BENCH_G2_R5/
F4_BENCH_G2_R5__BENCH.RW_CON_DERIVA,BENCH.RW_CON_DERIVA,BCR.PIB_T.INDICES_VOLUMEN_ENCADENADOS_SA.v2026-06,2005-Q1,2026-Q1,expansiva|origen=ultimo_estimado|grupo=G2|vintage=revision_vigente|sa=l3_unico|perdida=yoy_pp,"1,2,4,8",30522944,94ee0dbfc428c2c994e0ee8deb72157874663b8e,2026-09-28,R version 4.6.1 (2026-06-24 ucrt); x86_64-w64-mingw32; renv.lock sha256:33e5cba2a702,data/L4_experiments/F4_BENCH_G2_R5/
F4_BENCH_G2_R5__BENCH.RW_SIN_DERIVA,BENCH.RW_SIN_DERIVA,BCR.PIB_T.INDICES_VOLUMEN_ENCADENADOS_SA.v2026-06,2005-Q1,2026-Q1,expansiva|origen=ultimo_estimado|grupo=G2|vintage=revision_vigente|sa=l3_unico|perdida=yoy_pp,"1,2,4,8",246501202,94ee0dbfc428c2c994e0ee8deb72157874663b8e,2026-09-28,R version 4.6.1 (2026-06-24 ucrt); x86_64-w64-mingw32; renv.lock sha256:33e5cba2a702,data/L4_experiments/F4_BENCH_G2_R5/
F4_BENCH_G2_R6__BENCH.AR1,BENCH.AR1,BCR.PIB_T.INDICES_VOLUMEN_ENCADENADOS_NSA.v2026-06 + BCR.PIB_T.SERIE_RETROPOLADA_1990_2005.v2019-03,1990-Q1,2026-Q1,expansiva|origen=ultimo_estimado|grupo=G2|vintage=revision_vigente|sa=l3_unico|perdida=yoy_pp,"1,2,4,8",267983010,94ee0dbfc428c2c994e0ee8deb72157874663b8e,2026-09-28,R version 4.6.1 (2026-06-24 ucrt); x86_64-w64-mingw32; renv.lock sha256:33e5cba2a702,data/L4_experiments/F4_BENCH_G2_R6/
F4_BENCH_G2_R6__BENCH.ARP_BIC,BENCH.ARP_BIC,BCR.PIB_T.INDICES_VOLUMEN_ENCADENADOS_NSA.v2026-06 + BCR.PIB_T.SERIE_RETROPOLADA_1990_2005.v2019-03,1990-Q1,2026-Q1,expansiva|origen=ultimo_estimado|grupo=G2|vintage=revision_vigente|sa=l3_unico|perdida=yoy_pp,"1,2,4,8",260360083,94ee0dbfc428c2c994e0ee8deb72157874663b8e,2026-09-28,R version 4.6.1 (2026-06-24 ucrt); x86_64-w64-mingw32; renv.lock sha256:33e5cba2a702,data/L4_experiments/F4_BENCH_G2_R6/
F4_BENCH_G2_R6__BENCH.ETS,BENCH.ETS,BCR.PIB_T.INDICES_VOLUMEN_ENCADENADOS_NSA.v2026-06 + BCR.PIB_T.SERIE_RETROPOLADA_1990_2005.v2019-03,1990-Q1,2026-Q1,expansiva|origen=ultimo_estimado|grupo=G2|vintage=revision_vigente|sa=l3_unico|perdida=yoy_pp,"1,2,4,8",176176421,94ee0dbfc428c2c994e0ee8deb72157874663b8e,2026-09-28,R version 4.6.1 (2026-06-24 ucrt); x86_64-w64-mingw32; renv.lock sha256:33e5cba2a702,data/L4_experiments/F4_BENCH_G2_R6/
F4_BENCH_G2_R6__BENCH.MEDIA_CRECIMIENTO,BENCH.MEDIA_CRECIMIENTO,BCR.PIB_T.INDICES_VOLUMEN_ENCADENADOS_NSA.v2026-06 + BCR.PIB_T.SERIE_RETROPOLADA_1990_2005.v2019-03,1990-Q1,2026-Q1,expansiva|origen=ultimo_estimado|grupo=G2|vintage=revision_vigente|sa=l3_unico|perdida=yoy_pp,"1,2,4,8",87194668,94ee0dbfc428c2c994e0ee8deb72157874663b8e,2026-09-28,R version 4.6.1 (2026-06-24 ucrt); x86_64-w64-mingw32; renv.lock sha256:33e5cba2a702,data/L4_experiments/F4_BENCH_G2_R6/
F4_BENCH_G2_R6__BENCH.RW_CON_DERIVA,BENCH.RW_CON_DERIVA,BCR.PIB_T.INDICES_VOLUMEN_ENCADENADOS_NSA.v2026-06 + BCR.PIB_T.SERIE_RETROPOLADA_1990_2005.v2019-03,1990-Q1,2026-Q1,expansiva|origen=ultimo_estimado|grupo=G2|vintage=revision_vigente|sa=l3_unico|perdida=yoy_pp,"1,2,4,8",119190556,94ee0dbfc428c2c994e0ee8deb72157874663b8e,2026-09-28,R version 4.6.1 (2026-06-24 ucrt); x86_64-w64-mingw32; renv.lock sha256:33e5cba2a702,data/L4_experiments/F4_BENCH_G2_R6/
F4_BENCH_G2_R6__BENCH.RW_SIN_DERIVA,BENCH.RW_SIN_DERIVA,BCR.PIB_T.INDICES_VOLUMEN_ENCADENADOS_NSA.v2026-06 + BCR.PIB_T.SERIE_RETROPOLADA_1990_2005.v2019-03,1990-Q1,2026-Q1,expansiva|origen=ultimo_estimado|grupo=G2|vintage=revision_vigente|sa=l3_unico|perdida=yoy_pp,"1,2,4,8",114328304,94ee0dbfc428c2c994e0ee8deb72157874663b8e,2026-09-28,R version 4.6.1 (2026-06-24 ucrt); x86_64-w64-mingw32; renv.lock sha256:33e5cba2a702,data/L4_experiments/F4_BENCH_G2_R6/
F4_BENCH_G3__BENCH.AR1,BENCH.AR1,BCR.PIB_T.INDICES_VOLUMEN_ENCADENADOS_NSA.v2026-06 + BCR.PIB_T.SERIE_RETROPOLADA_1990_2005.v2019-03,1990-Q1,2026-Q1,expansiva|origen=ultimo_estimado|grupo=G3|vintage=revision_vigente|sa=reestimado_en_origen|perdida=yoy_pp,"1,2,4,8",65681420,94ee0dbfc428c2c994e0ee8deb72157874663b8e,2026-09-28,R version 4.6.1 (2026-06-24 ucrt); x86_64-w64-mingw32; renv.lock sha256:33e5cba2a702,data/L4_experiments/F4_BENCH_G3/
F4_BENCH_G3__BENCH.ARP_BIC,BENCH.ARP_BIC,BCR.PIB_T.INDICES_VOLUMEN_ENCADENADOS_NSA.v2026-06 + BCR.PIB_T.SERIE_RETROPOLADA_1990_2005.v2019-03,1990-Q1,2026-Q1,expansiva|origen=ultimo_estimado|grupo=G3|vintage=revision_vigente|sa=reestimado_en_origen|perdida=yoy_pp,"1,2,4,8",59323930,94ee0dbfc428c2c994e0ee8deb72157874663b8e,2026-09-28,R version 4.6.1 (2026-06-24 ucrt); x86_64-w64-mingw32; renv.lock sha256:33e5cba2a702,data/L4_experiments/F4_BENCH_G3/
F4_BENCH_G3__BENCH.ETS,BENCH.ETS,BCR.PIB_T.INDICES_VOLUMEN_ENCADENADOS_NSA.v2026-06 + BCR.PIB_T.SERIE_RETROPOLADA_1990_2005.v2019-03,1990-Q1,2026-Q1,expansiva|origen=ultimo_estimado|grupo=G3|vintage=revision_vigente|sa=reestimado_en_origen|perdida=yoy_pp,"1,2,4,8",231847726,94ee0dbfc428c2c994e0ee8deb72157874663b8e,2026-09-28,R version 4.6.1 (2026-06-24 ucrt); x86_64-w64-mingw32; renv.lock sha256:33e5cba2a702,data/L4_experiments/F4_BENCH_G3/
F4_BENCH_G3__BENCH.MEDIA_CRECIMIENTO,BENCH.MEDIA_CRECIMIENTO,BCR.PIB_T.INDICES_VOLUMEN_ENCADENADOS_NSA.v2026-06 + BCR.PIB_T.SERIE_RETROPOLADA_1990_2005.v2019-03,1990-Q1,2026-Q1,expansiva|origen=ultimo_estimado|grupo=G3|vintage=revision_vigente|sa=reestimado_en_origen|perdida=yoy_pp,"1,2,4,8",32795813,94ee0dbfc428c2c994e0ee8deb72157874663b8e,2026-09-28,R version 4.6.1 (2026-06-24 ucrt); x86_64-w64-mingw32; renv.lock sha256:33e5cba2a702,data/L4_experiments/F4_BENCH_G3/
F4_BENCH_G3__BENCH.RW_CON_DERIVA,BENCH.RW_CON_DERIVA,BCR.PIB_T.INDICES_VOLUMEN_ENCADENADOS_NSA.v2026-06 + BCR.PIB_T.SERIE_RETROPOLADA_1990_2005.v2019-03,1990-Q1,2026-Q1,expansiva|origen=ultimo_estimado|grupo=G3|vintage=revision_vigente|sa=reestimado_en_origen|perdida=yoy_pp,"1,2,4,8",257355803,94ee0dbfc428c2c994e0ee8deb72157874663b8e,2026-09-28,R version 4.6.1 (2026-06-24 ucrt); x86_64-w64-mingw32; renv.lock sha256:33e5cba2a702,data/L4_experiments/F4_BENCH_G3/
F4_BENCH_G3__BENCH.RW_SIN_DERIVA,BENCH.RW_SIN_DERIVA,BCR.PIB_T.INDICES_VOLUMEN_ENCADENADOS_NSA.v2026-06 + BCR.PIB_T.SERIE_RETROPOLADA_1990_2005.v2019-03,1990-Q1,2026-Q1,expansiva|origen=ultimo_estimado|grupo=G3|vintage=revision_vigente|sa=reestimado_en_origen|perdida=yoy_pp,"1,2,4,8",23872211,94ee0dbfc428c2c994e0ee8deb72157874663b8e,2026-09-28,R version 4.6.1 (2026-06-24 ucrt); x86_64-w64-mingw32; renv.lock sha256:33e5cba2a702,data/L4_experiments/F4_BENCH_G3/
F4_BENCH_G3_R1__BENCH.AR1,BENCH.AR1,BCR.PIB_T.INDICES_VOLUMEN_ENCADENADOS_NSA.v2026-06 + BCR.PIB_T.SERIE_RETROPOLADA_1990_2005.v2019-03,1997-Q1,2026-Q1,rodante92|origen=ultimo_estimado|grupo=G3|vintage=revision_vigente|sa=reestimado_en_origen|perdida=yoy_pp,"1,2,4,8",55081196,94ee0dbfc428c2c994e0ee8deb72157874663b8e,2026-09-28,R version 4.6.1 (2026-06-24 ucrt); x86_64-w64-mingw32; renv.lock sha256:33e5cba2a702,data/L4_experiments/F4_BENCH_G3_R1/
F4_BENCH_G3_R1__BENCH.ARP_BIC,BENCH.ARP_BIC,BCR.PIB_T.INDICES_VOLUMEN_ENCADENADOS_NSA.v2026-06 + BCR.PIB_T.SERIE_RETROPOLADA_1990_2005.v2019-03,1997-Q1,2026-Q1,rodante92|origen=ultimo_estimado|grupo=G3|vintage=revision_vigente|sa=reestimado_en_origen|perdida=yoy_pp,"1,2,4,8",263588570,94ee0dbfc428c2c994e0ee8deb72157874663b8e,2026-09-28,R version 4.6.1 (2026-06-24 ucrt); x86_64-w64-mingw32; renv.lock sha256:33e5cba2a702,data/L4_experiments/F4_BENCH_G3_R1/
F4_BENCH_G3_R1__BENCH.ETS,BENCH.ETS,BCR.PIB_T.INDICES_VOLUMEN_ENCADENADOS_NSA.v2026-06 + BCR.PIB_T.SERIE_RETROPOLADA_1990_2005.v2019-03,1997-Q1,2026-Q1,rodante92|origen=ultimo_estimado|grupo=G3|vintage=revision_vigente|sa=reestimado_en_origen|perdida=yoy_pp,"1,2,4,8",7983805,94ee0dbfc428c2c994e0ee8deb72157874663b8e,2026-09-28,R version 4.6.1 (2026-06-24 ucrt); x86_64-w64-mingw32; renv.lock sha256:33e5cba2a702,data/L4_experiments/F4_BENCH_G3_R1/
F4_BENCH_G3_R1__BENCH.MEDIA_CRECIMIENTO,BENCH.MEDIA_CRECIMIENTO,BCR.PIB_T.INDICES_VOLUMEN_ENCADENADOS_NSA.v2026-06 + BCR.PIB_T.SERIE_RETROPOLADA_1990_2005.v2019-03,1997-Q1,2026-Q1,rodante92|origen=ultimo_estimado|grupo=G3|vintage=revision_vigente|sa=reestimado_en_origen|perdida=yoy_pp,"1,2,4,8",68815882,94ee0dbfc428c2c994e0ee8deb72157874663b8e,2026-09-28,R version 4.6.1 (2026-06-24 ucrt); x86_64-w64-mingw32; renv.lock sha256:33e5cba2a702,data/L4_experiments/F4_BENCH_G3_R1/
F4_BENCH_G3_R1__BENCH.RW_CON_DERIVA,BENCH.RW_CON_DERIVA,BCR.PIB_T.INDICES_VOLUMEN_ENCADENADOS_NSA.v2026-06 + BCR.PIB_T.SERIE_RETROPOLADA_1990_2005.v2019-03,1997-Q1,2026-Q1,rodante92|origen=ultimo_estimado|grupo=G3|vintage=revision_vigente|sa=reestimado_en_origen|perdida=yoy_pp,"1,2,4,8",174979131,94ee0dbfc428c2c994e0ee8deb72157874663b8e,2026-09-28,R version 4.6.1 (2026-06-24 ucrt); x86_64-w64-mingw32; renv.lock sha256:33e5cba2a702,data/L4_experiments/F4_BENCH_G3_R1/
F4_BENCH_G3_R1__BENCH.RW_SIN_DERIVA,BENCH.RW_SIN_DERIVA,BCR.PIB_T.INDICES_VOLUMEN_ENCADENADOS_NSA.v2026-06 + BCR.PIB_T.SERIE_RETROPOLADA_1990_2005.v2019-03,1997-Q1,2026-Q1,rodante92|origen=ultimo_estimado|grupo=G3|vintage=revision_vigente|sa=reestimado_en_origen|perdida=yoy_pp,"1,2,4,8",241448867,94ee0dbfc428c2c994e0ee8deb72157874663b8e,2026-09-28,R version 4.6.1 (2026-06-24 ucrt); x86_64-w64-mingw32; renv.lock sha256:33e5cba2a702,data/L4_experiments/F4_BENCH_G3_R1/
F4_BENCH_G3_R2__BENCH.AR1,BENCH.AR1,BCR.PIB_T.INDICES_VOLUMEN_ENCADENADOS_NSA.v2026-06,2005-Q1,2026-Q1,homogenea2005|origen=ultimo_estimado|grupo=G3|vintage=revision_vigente|sa=reestimado_en_origen|perdida=yoy_pp,"1,2,4,8",236958082,94ee0dbfc428c2c994e0ee8deb72157874663b8e,2026-09-28,R version 4.6.1 (2026-06-24 ucrt); x86_64-w64-mingw32; renv.lock sha256:33e5cba2a702,data/L4_experiments/F4_BENCH_G3_R2/
F4_BENCH_G3_R2__BENCH.ARP_BIC,BENCH.ARP_BIC,BCR.PIB_T.INDICES_VOLUMEN_ENCADENADOS_NSA.v2026-06,2005-Q1,2026-Q1,homogenea2005|origen=ultimo_estimado|grupo=G3|vintage=revision_vigente|sa=reestimado_en_origen|perdida=yoy_pp,"1,2,4,8",35860192,94ee0dbfc428c2c994e0ee8deb72157874663b8e,2026-09-28,R version 4.6.1 (2026-06-24 ucrt); x86_64-w64-mingw32; renv.lock sha256:33e5cba2a702,data/L4_experiments/F4_BENCH_G3_R2/
F4_BENCH_G3_R2__BENCH.ETS,BENCH.ETS,BCR.PIB_T.INDICES_VOLUMEN_ENCADENADOS_NSA.v2026-06,2005-Q1,2026-Q1,homogenea2005|origen=ultimo_estimado|grupo=G3|vintage=revision_vigente|sa=reestimado_en_origen|perdida=yoy_pp,"1,2,4,8",224187233,94ee0dbfc428c2c994e0ee8deb72157874663b8e,2026-09-28,R version 4.6.1 (2026-06-24 ucrt); x86_64-w64-mingw32; renv.lock sha256:33e5cba2a702,data/L4_experiments/F4_BENCH_G3_R2/
F4_BENCH_G3_R2__BENCH.MEDIA_CRECIMIENTO,BENCH.MEDIA_CRECIMIENTO,BCR.PIB_T.INDICES_VOLUMEN_ENCADENADOS_NSA.v2026-06,2005-Q1,2026-Q1,homogenea2005|origen=ultimo_estimado|grupo=G3|vintage=revision_vigente|sa=reestimado_en_origen|perdida=yoy_pp,"1,2,4,8",89383859,94ee0dbfc428c2c994e0ee8deb72157874663b8e,2026-09-28,R version 4.6.1 (2026-06-24 ucrt); x86_64-w64-mingw32; renv.lock sha256:33e5cba2a702,data/L4_experiments/F4_BENCH_G3_R2/
F4_BENCH_G3_R2__BENCH.RW_CON_DERIVA,BENCH.RW_CON_DERIVA,BCR.PIB_T.INDICES_VOLUMEN_ENCADENADOS_NSA.v2026-06,2005-Q1,2026-Q1,homogenea2005|origen=ultimo_estimado|grupo=G3|vintage=revision_vigente|sa=reestimado_en_origen|perdida=yoy_pp,"1,2,4,8",146009092,94ee0dbfc428c2c994e0ee8deb72157874663b8e,2026-09-28,R version 4.6.1 (2026-06-24 ucrt); x86_64-w64-mingw32; renv.lock sha256:33e5cba2a702,data/L4_experiments/F4_BENCH_G3_R2/
F4_BENCH_G3_R2__BENCH.RW_SIN_DERIVA,BENCH.RW_SIN_DERIVA,BCR.PIB_T.INDICES_VOLUMEN_ENCADENADOS_NSA.v2026-06,2005-Q1,2026-Q1,homogenea2005|origen=ultimo_estimado|grupo=G3|vintage=revision_vigente|sa=reestimado_en_origen|perdida=yoy_pp,"1,2,4,8",110679417,94ee0dbfc428c2c994e0ee8deb72157874663b8e,2026-09-28,R version 4.6.1 (2026-06-24 ucrt); x86_64-w64-mingw32; renv.lock sha256:33e5cba2a702,data/L4_experiments/F4_BENCH_G3_R2/
F4_BENCH_G3_R5__BENCH.AR1,BENCH.AR1,BCR.PIB_T.INDICES_VOLUMEN_ENCADENADOS_SA.v2026-06,2005-Q1,2026-Q1,expansiva|origen=ultimo_estimado|grupo=G3|vintage=revision_vigente|sa=l3_unico|perdida=yoy_pp,"1,2,4,8",142379422,94ee0dbfc428c2c994e0ee8deb72157874663b8e,2026-09-28,R version 4.6.1 (2026-06-24 ucrt); x86_64-w64-mingw32; renv.lock sha256:33e5cba2a702,data/L4_experiments/F4_BENCH_G3_R5/
F4_BENCH_G3_R5__BENCH.ARP_BIC,BENCH.ARP_BIC,BCR.PIB_T.INDICES_VOLUMEN_ENCADENADOS_SA.v2026-06,2005-Q1,2026-Q1,expansiva|origen=ultimo_estimado|grupo=G3|vintage=revision_vigente|sa=l3_unico|perdida=yoy_pp,"1,2,4,8",37563723,94ee0dbfc428c2c994e0ee8deb72157874663b8e,2026-09-28,R version 4.6.1 (2026-06-24 ucrt); x86_64-w64-mingw32; renv.lock sha256:33e5cba2a702,data/L4_experiments/F4_BENCH_G3_R5/
F4_BENCH_G3_R5__BENCH.ETS,BENCH.ETS,BCR.PIB_T.INDICES_VOLUMEN_ENCADENADOS_SA.v2026-06,2005-Q1,2026-Q1,expansiva|origen=ultimo_estimado|grupo=G3|vintage=revision_vigente|sa=l3_unico|perdida=yoy_pp,"1,2,4,8",90761005,94ee0dbfc428c2c994e0ee8deb72157874663b8e,2026-09-28,R version 4.6.1 (2026-06-24 ucrt); x86_64-w64-mingw32; renv.lock sha256:33e5cba2a702,data/L4_experiments/F4_BENCH_G3_R5/
F4_BENCH_G3_R5__BENCH.MEDIA_CRECIMIENTO,BENCH.MEDIA_CRECIMIENTO,BCR.PIB_T.INDICES_VOLUMEN_ENCADENADOS_SA.v2026-06,2005-Q1,2026-Q1,expansiva|origen=ultimo_estimado|grupo=G3|vintage=revision_vigente|sa=l3_unico|perdida=yoy_pp,"1,2,4,8",114570169,94ee0dbfc428c2c994e0ee8deb72157874663b8e,2026-09-28,R version 4.6.1 (2026-06-24 ucrt); x86_64-w64-mingw32; renv.lock sha256:33e5cba2a702,data/L4_experiments/F4_BENCH_G3_R5/
F4_BENCH_G3_R5__BENCH.RW_CON_DERIVA,BENCH.RW_CON_DERIVA,BCR.PIB_T.INDICES_VOLUMEN_ENCADENADOS_SA.v2026-06,2005-Q1,2026-Q1,expansiva|origen=ultimo_estimado|grupo=G3|vintage=revision_vigente|sa=l3_unico|perdida=yoy_pp,"1,2,4,8",218795093,94ee0dbfc428c2c994e0ee8deb72157874663b8e,2026-09-28,R version 4.6.1 (2026-06-24 ucrt); x86_64-w64-mingw32; renv.lock sha256:33e5cba2a702,data/L4_experiments/F4_BENCH_G3_R5/
F4_BENCH_G3_R5__BENCH.RW_SIN_DERIVA,BENCH.RW_SIN_DERIVA,BCR.PIB_T.INDICES_VOLUMEN_ENCADENADOS_SA.v2026-06,2005-Q1,2026-Q1,expansiva|origen=ultimo_estimado|grupo=G3|vintage=revision_vigente|sa=l3_unico|perdida=yoy_pp,"1,2,4,8",148157832,94ee0dbfc428c2c994e0ee8deb72157874663b8e,2026-09-28,R version 4.6.1 (2026-06-24 ucrt); x86_64-w64-mingw32; renv.lock sha256:33e5cba2a702,data/L4_experiments/F4_BENCH_G3_R5/
F4_BENCH_G3_R6__BENCH.AR1,BENCH.AR1,BCR.PIB_T.INDICES_VOLUMEN_ENCADENADOS_NSA.v2026-06 + BCR.PIB_T.SERIE_RETROPOLADA_1990_2005.v2019-03,1990-Q1,2026-Q1,expansiva|origen=ultimo_estimado|grupo=G3|vintage=revision_vigente|sa=l3_unico|perdida=yoy_pp,"1,2,4,8",64652603,94ee0dbfc428c2c994e0ee8deb72157874663b8e,2026-09-28,R version 4.6.1 (2026-06-24 ucrt); x86_64-w64-mingw32; renv.lock sha256:33e5cba2a702,data/L4_experiments/F4_BENCH_G3_R6/
F4_BENCH_G3_R6__BENCH.ARP_BIC,BENCH.ARP_BIC,BCR.PIB_T.INDICES_VOLUMEN_ENCADENADOS_NSA.v2026-06 + BCR.PIB_T.SERIE_RETROPOLADA_1990_2005.v2019-03,1990-Q1,2026-Q1,expansiva|origen=ultimo_estimado|grupo=G3|vintage=revision_vigente|sa=l3_unico|perdida=yoy_pp,"1,2,4,8",135324074,94ee0dbfc428c2c994e0ee8deb72157874663b8e,2026-09-28,R version 4.6.1 (2026-06-24 ucrt); x86_64-w64-mingw32; renv.lock sha256:33e5cba2a702,data/L4_experiments/F4_BENCH_G3_R6/
F4_BENCH_G3_R6__BENCH.ETS,BENCH.ETS,BCR.PIB_T.INDICES_VOLUMEN_ENCADENADOS_NSA.v2026-06 + BCR.PIB_T.SERIE_RETROPOLADA_1990_2005.v2019-03,1990-Q1,2026-Q1,expansiva|origen=ultimo_estimado|grupo=G3|vintage=revision_vigente|sa=l3_unico|perdida=yoy_pp,"1,2,4,8",11561356,94ee0dbfc428c2c994e0ee8deb72157874663b8e,2026-09-28,R version 4.6.1 (2026-06-24 ucrt); x86_64-w64-mingw32; renv.lock sha256:33e5cba2a702,data/L4_experiments/F4_BENCH_G3_R6/
F4_BENCH_G3_R6__BENCH.MEDIA_CRECIMIENTO,BENCH.MEDIA_CRECIMIENTO,BCR.PIB_T.INDICES_VOLUMEN_ENCADENADOS_NSA.v2026-06 + BCR.PIB_T.SERIE_RETROPOLADA_1990_2005.v2019-03,1990-Q1,2026-Q1,expansiva|origen=ultimo_estimado|grupo=G3|vintage=revision_vigente|sa=l3_unico|perdida=yoy_pp,"1,2,4,8",140668066,94ee0dbfc428c2c994e0ee8deb72157874663b8e,2026-09-28,R version 4.6.1 (2026-06-24 ucrt); x86_64-w64-mingw32; renv.lock sha256:33e5cba2a702,data/L4_experiments/F4_BENCH_G3_R6/
F4_BENCH_G3_R6__BENCH.RW_CON_DERIVA,BENCH.RW_CON_DERIVA,BCR.PIB_T.INDICES_VOLUMEN_ENCADENADOS_NSA.v2026-06 + BCR.PIB_T.SERIE_RETROPOLADA_1990_2005.v2019-03,1990-Q1,2026-Q1,expansiva|origen=ultimo_estimado|grupo=G3|vintage=revision_vigente|sa=l3_unico|perdida=yoy_pp,"1,2,4,8",217229126,94ee0dbfc428c2c994e0ee8deb72157874663b8e,2026-09-28,R version 4.6.1 (2026-06-24 ucrt); x86_64-w64-mingw32; renv.lock sha256:33e5cba2a702,data/L4_experiments/F4_BENCH_G3_R6/
F4_BENCH_G3_R6__BENCH.RW_SIN_DERIVA,BENCH.RW_SIN_DERIVA,BCR.PIB_T.INDICES_VOLUMEN_ENCADENADOS_NSA.v2026-06 + BCR.PIB_T.SERIE_RETROPOLADA_1990_2005.v2019-03,1990-Q1,2026-Q1,expansiva|origen=ultimo_estimado|grupo=G3|vintage=revision_vigente|sa=l3_unico|perdida=yoy_pp,"1,2,4,8",157982916,94ee0dbfc428c2c994e0ee8deb72157874663b8e,2026-09-28,R version 4.6.1 (2026-06-24 ucrt); x86_64-w64-mingw32; renv.lock sha256:33e5cba2a702,data/L4_experiments/F4_BENCH_G3_R6/
