"grupo","origen","campo","i","j","bytes","valor","mcse"
"-","-","sha256_entradas",0,0,"46cd481c76afd9063f9369cb6aba3ab57037fe318fc65423dca4daf8c99905e1","",""
"G1","2013-Q1","media",1,0,"f32ee8546b391240","4.5560735003198145","0.000142017"
"G1","2013-Q1","media",2,0,"ef0349be03481240","4.5703267795624773","0.000358297"
"G1","2013-Q1","media",3,0,"ed1c135462541240","4.5824063431420941","0.00055054"
"G1","2013-Q1","media",4,0,"6d40cefa925e1240","4.5923575580965066","0.000716757"
"G1","2013-Q1","media",5,0,"354166e74a681240","4.6018482357178998","0.000888492"
"G1","2013-Q1","media",6,0,"385e90a66d711240","4.6107698464980373","0.00105267"
"G1","2013-Q1","media",7,0,"3dbe4646527a1240","4.6194544773748563","0.0012227"
"G1","2013-Q1","media",8,0,"e87944da26831240","4.6280778984350732","0.00140186"
"G1","2013-Q1","cov",1,1,"2b79ca64c5a41a3f","0.00010163740916844094","5.08113e-07"
"G1","2013-Q1","cov",2,1,"1c43e01c4c52213f","0.00013215235816279528","1.09864e-06"
"G1","2013-Q1","cov",3,1,"b00d61df6ad9243f","0.00015906743618830438","1.70145e-06"
"G1","2013-Q1","cov",4,1,"65e85fdd6419283f","0.00018386226901140608","2.38464e-06"
"G1","2013-Q1","cov",5,1,"b4b5ad4eaf442a3f","0.00020041122419504692","3.01705e-06"
"G1","2013-Q1","cov",6,1,"f2e69c48f5302c3f","0.00021508211312398041","3.65026e-06"
"G1","2013-Q1","cov",7,1,"a81dcdc6a2012e3f","0.00022893058794635807","4.32243e-06"
"G1","2013-Q1","cov",8,1,"3d7167474baa2f3f","0.00024158638889460764","4.99727e-06"
"G1","2013-Q1","cov",1,2,"1c43e01c4c52213f","0.00013215235816279528","1.09864e-06"
"G1","2013-Q1","cov",2,2,"97647e4df50f323f","0.00027560938678445598","2.81538e-06"
"G1","2013-Q1","cov",3,2,"3ff7090f1c36363f","0.00033891854312871958","4.41951e-06"
"G1","2013-Q1","cov",4,2,"4ca9292466f2393f","0.00039591783221361722","6.06829e-06"
"G1","2013-Q1","cov",5,2,"4e4e755abaf33c3f","0.0004417734112014169","7.78691e-06"
"G1","2013-Q1","cov",6,2,"06a2c19694383f3f","0.00047639491709231018","9.33754e-06"
"G1","2013-Q1","cov",7,2,"f8169a15a7aa403f","0.000508624633952264","1.0966e-05"
"G1","2013-Q1","cov",8,2,"098ae0a6e7a7413f","0.00053881465078503652","1.26502e-05"
"G1","2013-Q1","cov",1,3,"b00d61df6ad9243f","0.00015906743618830438","1.70145e-06"
"G1","2013-Q1","cov",2,3,"3ff7090f1c36363f","0.00033891854312871958","4.41951e-06"
"G1","2013-Q1","cov",3,3,"bfd2fc3c7fed403f","0.00051659310154280453","7.0223e-06"
"G1","2013-Q1","cov",4,3,"51b61aed4f08443f","0.00061134245534839361","9.69193e-06"
"G1","2013-Q1","cov",5,3,"d01a872103a4463f","0.00069093850020681725","1.24505e-05"
"G1","2013-Q1","cov",6,3,"7fd0c5a36cc3483f","0.00075571827578226048","1.5088e-05"
"G1","2013-Q1","cov",7,3,"943a143ec1854a3f","0.00080940185230978174","1.76908e-05"
"G1","2013-Q1","cov",8,3,"42c9407cdc2a4c3f","0.00085960164915935993","2.03944e-05"
"G1","2013-Q1","cov",1,4,"65e85fdd6419283f","0.00018386226901140608","2.38464e-06"
"G1","2013-Q1","cov",2,4,"4ca9292466f2393f","0.00039591783221361722","6.06829e-06"
"G1","2013-Q1","cov",3,4,"51b61aed4f08443f","0.00061134245534839361","9.69193e-06"
"G1","2013-Q1","cov",4,4,"636d25aa6af04a3f","0.00082211693033277763","1.3415e-05"
"G1","2013-Q1","cov",5,4,"d20c4b8525d64e3f","0.00094105560364035113","1.73109e-05"
"G1","2013-Q1","cov",6,4,"a39a4123b80c513f","0.0010406301708144959","2.10393e-05"
"G1","2013-Q1","cov",7,4,"c8cafd2d6f73523f","0.0011261544932181112","2.48264e-05"
"G1","2013-Q1","cov",8,4,"40fe447259a7533f","0.0011995671748791376","2.86089e-05"
"G1","2013-Q1","cov",1,5,"b4b5ad4eaf442a3f","0.00020041122419504692","3.01705e-06"
"G1","2013-Q1","cov",2,5,"4e4e755abaf33c3f","0.0004417734112014169","7.78691e-06"
"G1","2013-Q1","cov",3,5,"d01a872103a4463f","0.00069093850020681725","1.24505e-05"
"G1","2013-Q1","cov",4,5,"d20c4b8525d64e3f","0.00094105560364035113","1.73109e-05"
"G1","2013-Q1","cov",5,5,"8cf24299f249533f","0.001177298462649609","2.23784e-05"
"G1","2013-Q1","cov",6,5,"517a06e5c993553f","0.0013169738414046293","2.73244e-05"
"G1","2013-Q1","cov",7,5,"f5a9449e7f91573f","0.0014384981414631269","3.23218e-05"
"G1","2013-Q1","cov",8,5,"6675be808d50593f","0.0015450841774290124","3.74263e-05"
"G1","2013-Q1","cov",1,6,"f2e69c48f5302c3f","0.00021508211312398041","3.65026e-06"
"G1","2013-Q1","cov",2,6,"06a2c19694383f3f","0.00047639491709231018","9.33754e-06"
"G1","2013-Q1","cov",3,6,"7fd0c5a36cc3483f","0.00075571827578226048","1.5088e-05"
"G1","2013-Q1","cov",4,6,"a39a4123b80c513f","0.0010406301708144959","2.10393e-05"
"G1","2013-Q1","cov",5,6,"517a06e5c993553f","0.0013169738414046293","2.73244e-05"
"G1","2013-Q1","cov",6,6,"1cd7305bfdca593f","0.0015742754155900268","3.34619e-05"
"G1","2013-Q1","cov",7,6,"3a43752f1f745c3f","0.0017366699738270001","3.97433e-05"
"G1","2013-Q1","cov",8,6,"fd02354df3cd5e3f","0.0018801570884791612","4.61442e-05"
"G1","2013-Q1","cov",1,7,"a81dcdc6a2012e3f","0.00022893058794635807","4.32243e-06"
"G1","2013-Q1","cov",2,7,"f8169a15a7aa403f","0.000508624633952264","1.0966e-05"
"G1","2013-Q1","cov",3,7,"943a143ec1854a3f","0.00080940185230978174","1.76908e-05"
"G1","2013-Q1","cov",4,7,"c8cafd2d6f73523f","0.0011261544932181112","2.48264e-05"
"G1","2013-Q1","cov",5,7,"f5a9449e7f91573f","0.0014384981414631269","3.23218e-05"
"G1","2013-Q1","cov",6,7,"3a43752f1f745c3f","0.0017366699738270001","3.97433e-05"
"G1","2013-Q1","cov",7,7,"38e900e68887603f","0.002017753009593861","4.73034e-05"
"G1","2013-Q1","cov",8,7,"08824e9e7f0c623f","0.0022032253786650226","5.50945e-05"
"G1","2013-Q1","cov",1,8,"3d7167474baa2f3f","0.00024158638889460764","4.99727e-06"
"G1","2013-Q1","cov",2,8,"098ae0a6e7a7413f","0.00053881465078503652","1.26502e-05"
"G1","2013-Q1","cov",3,8,"42c9407cdc2a4c3f","0.00085960164915935993","2.03944e-05"
"G1","2013-Q1","cov",4,8,"40fe447259a7533f","0.0011995671748791376","2.86089e-05"
"G1","2013-Q1","cov",5,8,"6675be808d50593f","0.0015450841774290124","3.74263e-05"
"G1","2013-Q1","cov",6,8,"fd02354df3cd5e3f","0.0018801570884791612","4.61442e-05"
"G1","2013-Q1","cov",7,8,"08824e9e7f0c623f","0.0022032253786650226","5.50945e-05"
"G1","2013-Q1","cov",8,8,"9a5838c2bf8c643f","0.0025085206305091702","6.4283e-05"
"G1","2013-Q1","n_obs",0,0,"0000000000405240","73",""
"G1","2013-Q1","n_series",0,0,"0000000000000840","3",""
"G1","2013-Q1","aceptacion",0,0,"e9263108ac1cd23f","0.28299999999999997",""
"G1","2013-Q1","lambda",0,0,"4023bb6dd6c7d23f","0.29344711986464134","0.00865544"
"G1","2013-Q1","soc",0,0,"7da44c4df7ac0040","2.0844560660376019","0.102087"
"G1","2013-Q1","sur",0,0,"a2b7104d7a25e33f","0.59832491924111175","0.0170304"
"G1","2013-Q1","psi_pib",0,0,"3aa7ddf1a423193f","9.5898573332722873e-05",""
"G3","2019-Q4","media",1,0,"ed03e62f16251340","4.7862174495830745","8.93774e-05"
"G3","2019-Q4","media",2,0,"ca6cd9a86a341340","4.801188123961035","0.000221734"
"G3","2019-Q4","media",3,0,"40e23cbd8b401340","4.8130330627832905","0.000365201"
"G3","2019-Q4","media",4,0,"bc28c8a3024b1340","4.8232522574346","0.000513144"
"G3","2019-Q4","media",5,0,"0a7a3e2e53541340","4.8323485589630852","0.000663576"
"G3","2019-Q4","media",6,0,"345004844a5b1340","4.8391514423020006","0.000827399"
"G3","2019-Q4","media",7,0,"06b57c9d51611340","4.845037899719733","0.000992976"
"G3","2019-Q4","media",8,0,"5086bcaed1671340","4.8513858130041427","0.001155"
"G3","2019-Q4","cov",1,1,"39055bd41ad4133f","7.5639855903216003e-05","6.65809e-07"
"G3","2019-Q4","cov",2,1,"74c1a3566fa61f3f","0.00012073568874249545","1.37711e-06"
"G3","2019-Q4","cov",3,1,"6a54618981d2233f","0.00015123206384496112","2.0347e-06"
"G3","2019-Q4","cov",4,1,"e80b84ba564e263f","0.00017018135736898633","2.56158e-06"
"G3","2019-Q4","cov",5,1,"64ab5dccebe3273f","0.00018226865193623619","3.12539e-06"
"G3","2019-Q4","cov",6,1,"725ff2ae32a3283f","0.00018796914762186538","3.7058e-06"
"G3","2019-Q4","cov",7,1,"5d0a26587c42293f","0.00019271629214408478","4.2888e-06"
"G3","2019-Q4","cov",8,1,"0a2b70f27c032a3f","0.00019846821052767915","4.89012e-06"
"G3","2019-Q4","cov",1,2,"74c1a3566fa61f3f","0.00012073568874249545","1.37711e-06"
"G3","2019-Q4","cov",2,2,"698e296c66f1313f","0.00027378798055208723","3.19534e-06"
"G3","2019-Q4","cov",3,2,"5cbfb12f6389383f","0.0003743998674456872","4.96747e-06"
"G3","2019-Q4","cov",4,2,"3aa828ed4fc53c3f","0.00043900681808628809","6.39849e-06"
"G3","2019-Q4","cov",5,2,"56ee3398649d3f3f","0.00048240381165929236","7.82433e-06"
"G3","2019-Q4","cov",6,2,"3cd5886852a7403f","0.00050822757572769424","9.29675e-06"
"G3","2019-Q4","cov",7,2,"49879b654b26413f","0.00052336389054750368","1.07404e-05"
"G3","2019-Q4","cov",8,2,"cbc72830a1a1413f","0.00053806658281118616","1.21881e-05"
"G3","2019-Q4","cov",1,3,"6a54618981d2233f","0.00015123206384496112","2.0347e-06"
"G3","2019-Q4","cov",2,3,"5cbfb12f6389383f","0.0003743998674456872","4.96747e-06"
"G3","2019-Q4","cov",3,3,"4e1a8cebcdce433f","0.00060448698704435879","8.07097e-06"
"G3","2019-Q4","cov",4,3,"caf4cd11fbb2483f","0.00075375804190938003","1.07214e-05"
"G3","2019-Q4","cov",5,3,"0611db530af84b3f","0.00085354332232914841","1.32109e-05"
"G3","2019-Q4","cov",6,3,"5863aa5006144e3f","0.00091791447023857175","1.57181e-05"
"G3","2019-Q4","cov",7,3,"2b73efcb12634f3f","0.00095785539439994149","1.81934e-05"
"G3","2019-Q4","cov",8,3,"6897fd7a612b503f","0.00098690528462827033","2.0663e-05"
"G3","2019-Q4","cov",1,4,"e80b84ba564e263f","0.00017018135736898633","2.56158e-06"
"G3","2019-Q4","cov",2,4,"3aa828ed4fc53c3f","0.00043900681808628809","6.39849e-06"
"G3","2019-Q4","cov",3,4,"caf4cd11fbb2483f","0.00075375804190938003","1.07214e-05"
"G3","2019-Q4","cov",4,4,"bf863e5dcf22513f","0.0010458970109329805","1.46774e-05"
"G3","2019-Q4","cov",5,4,"bd12f4cb344c543f","0.0012388721077637853","1.848e-05"
"G3","2019-Q4","cov",6,4,"f0d83fe81f5e563f","0.0013652144998537695","2.2178e-05"
"G3","2019-Q4","cov",7,4,"e4367b1b02ba573f","0.0014481564120844498","2.57642e-05"
"G3","2019-Q4","cov",8,4,"2e0217faeead583f","0.0015063127287790012","2.93669e-05"
"G3","2019-Q4","cov",1,5,"64ab5dccebe3273f","0.00018226865193623619","3.12539e-06"
"G3","2019-Q4","cov",2,5,"56ee3398649d3f3f","0.00048240381165929236","7.82433e-06"
"G3","2019-Q4","cov",3,5,"0611db530af84b3f","0.00085354332232914841","1.32109e-05"
"G3","2019-Q4","cov",4,5,"bd12f4cb344c543f","0.0012388721077637853","1.848e-05"
"G3","2019-Q4","cov",5,5,"fcfa9e2fd5e7593f","0.0015811521429751054","2.37578e-05"
"G3","2019-Q4","cov",6,5,"b43f9f980d975d3f","0.0018060333991236468","2.8966e-05"
"G3","2019-Q4","cov",7,5,"4132708b2705603f","0.0019555828434987548","3.39137e-05"
"G3","2019-Q4","cov",8,5,"8a2fc65f3be2603f","0.0020610007906664606","3.8837e-05"
"G3","2019-Q4","cov",1,6,"725ff2ae32a3283f","0.00018796914762186538","3.7058e-06"
"G3","2019-Q4","cov",2,6,"3cd5886852a7403f","0.00050822757572769424","9.29675e-06"
"G3","2019-Q4","cov",3,6,"5863aa5006144e3f","0.00091791447023857175","1.57181e-05"
"G3","2019-Q4","cov",4,6,"f0d83fe81f5e563f","0.0013652144998537695","2.2178e-05"
"G3","2019-Q4","cov",5,6,"b43f9f980d975d3f","0.0018060333991236468","2.8966e-05"
"G3","2019-Q4","cov",6,6,"e21f2406d3e9613f","0.0021866914331702828","3.58706e-05"
"G3","2019-Q4","cov",7,6,"32dc0564dffd633f","0.0024403918361559857","4.25431e-05"
"G3","2019-Q4","cov",8,6,"f96e7801c36f653f","0.0026167687135635301","4.90611e-05"
"G3","2019-Q4","cov",1,7,"5d0a26587c42293f","0.00019271629214408478","4.2888e-06"
"G3","2019-Q4","cov",2,7,"49879b654b26413f","0.00052336389054750368","1.07404e-05"
"G3","2019-Q4","cov",3,7,"2b73efcb12634f3f","0.00095785539439994149","1.81934e-05"
"G3","2019-Q4","cov",4,7,"e4367b1b02ba573f","0.0014481564120844498","2.57642e-05"
"G3","2019-Q4","cov",5,7,"4132708b2705603f","0.0019555828434987548","3.39137e-05"
"G3","2019-Q4","cov",6,7,"32dc0564dffd633f","0.0024403918361559857","4.25431e-05"
"G3","2019-Q4","cov",7,7,"d6cba4ee4b63673f","0.0028549655009100046","5.10892e-05"
"G3","2019-Q4","cov",8,7,"50756539adb7693f","0.0031393416676751898","5.94878e-05"
"G3","2019-Q4","cov",1,8,"0a2b70f27c032a3f","0.00019846821052767915","4.89012e-06"
"G3","2019-Q4","cov",2,8,"cbc72830a1a1413f","0.00053806658281118616","1.21881e-05"
"G3","2019-Q4","cov",3,8,"6897fd7a612b503f","0.00098690528462827033","2.0663e-05"
"G3","2019-Q4","cov",4,8,"2e0217faeead583f","0.0015063127287790012","2.93669e-05"
"G3","2019-Q4","cov",5,8,"8a2fc65f3be2603f","0.0020610007906664606","3.8837e-05"
"G3","2019-Q4","cov",6,8,"f96e7801c36f653f","0.0026167687135635301","4.90611e-05"
"G3","2019-Q4","cov",7,8,"50756539adb7693f","0.0031393416676751898","5.94878e-05"
"G3","2019-Q4","cov",8,8,"2e4d0df2d7636d3f","0.0035876481710289876","6.98508e-05"
"G3","2019-Q4","n_obs",0,0,"0000000000004240","36",""
"G3","2019-Q4","n_series",0,0,"0000000000002240","9",""
"G3","2019-Q4","aceptacion",0,0,"fb3a70ce88d2d63f","0.35659999999999997",""
"G3","2019-Q4","lambda",0,0,"3c82425c6c0ce33f","0.59526651401035435","0.00558437"
"G3","2019-Q4","soc",0,0,"177e3861dd340140","2.1508128733983187","0.144022"
"G3","2019-Q4","sur",0,0,"d651a579af83e63f","0.70357488402310753","0.0110549"
"G3","2019-Q4","psi_pib",0,0,"dd68d858f885153f","8.2104952717907073e-05",""
