"bloque","item","metrica","valor","nota","fecha_generacion"
"serie_L3","BCR_EXPORT_FOB_NOM_NSA_M.csv","n_obs","390","","2026-09-23"
"serie_L3","BCR_EXPORT_FOB_NOM_NSA_M.csv","inicio","1994-M01","","2026-09-23"
"serie_L3","BCR_EXPORT_FOB_NOM_NSA_M.csv","fin","2026-M06","","2026-09-23"
"serie_L3","BCR_EXPORT_FOB_NOM_NSA_M.csv","huecos","0","","2026-09-23"
"serie_L3","BCR_EXPORT_FOB_NOM_NSA_M.csv","valores_ausentes","0","","2026-09-23"
"serie_L3","BCR_EXPORT_FOB_NOM_NSA_M.csv","n_vintages","1","","2026-09-23"
"serie_L3","BCR_EXPORT_FOB_NOM_NSA_M.csv","obs_al_primer_origen","231","convención A: el primer origen es 2013-Q1 (2013-M03 en mensuales)","2026-09-23"
"serie_L3","BCR_EXPORT_FOB_NOM_NSA_Q.csv","n_obs","130","","2026-09-23"
"serie_L3","BCR_EXPORT_FOB_NOM_NSA_Q.csv","inicio","1994-Q1","","2026-09-23"
"serie_L3","BCR_EXPORT_FOB_NOM_NSA_Q.csv","fin","2026-Q2","","2026-09-23"
"serie_L3","BCR_EXPORT_FOB_NOM_NSA_Q.csv","huecos","0","","2026-09-23"
"serie_L3","BCR_EXPORT_FOB_NOM_NSA_Q.csv","valores_ausentes","0","","2026-09-23"
"serie_L3","BCR_EXPORT_FOB_NOM_NSA_Q.csv","n_vintages","1","","2026-09-23"
"serie_L3","BCR_EXPORT_FOB_NOM_NSA_Q.csv","obs_al_primer_origen","77","convención A: el primer origen es 2013-Q1 (2013-M03 en mensuales)","2026-09-23"
"serie_L3","BCR_IPM_IDX_NSA_M.csv","n_obs","257","","2026-09-23"
"serie_L3","BCR_IPM_IDX_NSA_M.csv","inicio","2005-M01","","2026-09-23"
"serie_L3","BCR_IPM_IDX_NSA_M.csv","fin","2026-M05","","2026-09-23"
"serie_L3","BCR_IPM_IDX_NSA_M.csv","huecos","0","","2026-09-23"
"serie_L3","BCR_IPM_IDX_NSA_M.csv","valores_ausentes","0","","2026-09-23"
"serie_L3","BCR_IPM_IDX_NSA_M.csv","n_vintages","1","","2026-09-23"
"serie_L3","BCR_IPM_IDX_NSA_M.csv","obs_al_primer_origen","99","convención A: el primer origen es 2013-Q1 (2013-M03 en mensuales)","2026-09-23"
"serie_L3","BCR_IPM_IDX_NSA_Q.csv","n_obs","85","","2026-09-23"
"serie_L3","BCR_IPM_IDX_NSA_Q.csv","inicio","2005-Q1","","2026-09-23"
"serie_L3","BCR_IPM_IDX_NSA_Q.csv","fin","2026-Q1","","2026-09-23"
"serie_L3","BCR_IPM_IDX_NSA_Q.csv","huecos","0","","2026-09-23"
"serie_L3","BCR_IPM_IDX_NSA_Q.csv","valores_ausentes","0","","2026-09-23"
"serie_L3","BCR_IPM_IDX_NSA_Q.csv","n_vintages","1","","2026-09-23"
"serie_L3","BCR_IPM_IDX_NSA_Q.csv","obs_al_primer_origen","33","convención A: el primer origen es 2013-Q1 (2013-M03 en mensuales)","2026-09-23"
"serie_L3","BCR_IPP_IDX_NSA_M.csv","n_obs","200","","2026-09-23"
"serie_L3","BCR_IPP_IDX_NSA_M.csv","inicio","2009-M12","","2026-09-23"
"serie_L3","BCR_IPP_IDX_NSA_M.csv","fin","2026-M07","","2026-09-23"
"serie_L3","BCR_IPP_IDX_NSA_M.csv","huecos","0","","2026-09-23"
"serie_L3","BCR_IPP_IDX_NSA_M.csv","valores_ausentes","0","","2026-09-23"
"serie_L3","BCR_IPP_IDX_NSA_M.csv","n_vintages","1","","2026-09-23"
"serie_L3","BCR_IPP_IDX_NSA_M.csv","obs_al_primer_origen","40","convención A: el primer origen es 2013-Q1 (2013-M03 en mensuales)","2026-09-23"
"serie_L3","BCR_IPP_IDX_NSA_Q.csv","n_obs","66","","2026-09-23"
"serie_L3","BCR_IPP_IDX_NSA_Q.csv","inicio","2010-Q1","","2026-09-23"
"serie_L3","BCR_IPP_IDX_NSA_Q.csv","fin","2026-Q2","","2026-09-23"
"serie_L3","BCR_IPP_IDX_NSA_Q.csv","huecos","0","","2026-09-23"
"serie_L3","BCR_IPP_IDX_NSA_Q.csv","valores_ausentes","0","","2026-09-23"
"serie_L3","BCR_IPP_IDX_NSA_Q.csv","n_vintages","1","","2026-09-23"
"serie_L3","BCR_IPP_IDX_NSA_Q.csv","obs_al_primer_origen","13","convención A: el primer origen es 2013-Q1 (2013-M03 en mensuales)","2026-09-23"
"serie_L3","BCR_ITCER_IDX_NSA_M.csv","n_obs","318","","2026-09-23"
"serie_L3","BCR_ITCER_IDX_NSA_M.csv","inicio","2000-M01","","2026-09-23"
"serie_L3","BCR_ITCER_IDX_NSA_M.csv","fin","2026-M06","","2026-09-23"
"serie_L3","BCR_ITCER_IDX_NSA_M.csv","huecos","0","","2026-09-23"
"serie_L3","BCR_ITCER_IDX_NSA_M.csv","valores_ausentes","0","","2026-09-23"
"serie_L3","BCR_ITCER_IDX_NSA_M.csv","n_vintages","1","","2026-09-23"
"serie_L3","BCR_ITCER_IDX_NSA_M.csv","obs_al_primer_origen","159","convención A: el primer origen es 2013-Q1 (2013-M03 en mensuales)","2026-09-23"
"serie_L3","BCR_ITCER_IDX_NSA_Q.csv","n_obs","106","","2026-09-23"
"serie_L3","BCR_ITCER_IDX_NSA_Q.csv","inicio","2000-Q1","","2026-09-23"
"serie_L3","BCR_ITCER_IDX_NSA_Q.csv","fin","2026-Q2","","2026-09-23"
"serie_L3","BCR_ITCER_IDX_NSA_Q.csv","huecos","0","","2026-09-23"
"serie_L3","BCR_ITCER_IDX_NSA_Q.csv","valores_ausentes","0","","2026-09-23"
"serie_L3","BCR_ITCER_IDX_NSA_Q.csv","n_vintages","1","","2026-09-23"
"serie_L3","BCR_ITCER_IDX_NSA_Q.csv","obs_al_primer_origen","53","convención A: el primer origen es 2013-Q1 (2013-M03 en mensuales)","2026-09-23"
"serie_L3","BCR_IVAE_VOL_SA_M.csv","n_obs","257","","2026-09-23"
"serie_L3","BCR_IVAE_VOL_SA_M.csv","inicio","2005-M01","","2026-09-23"
"serie_L3","BCR_IVAE_VOL_SA_M.csv","fin","2026-M05","","2026-09-23"
"serie_L3","BCR_IVAE_VOL_SA_M.csv","huecos","0","","2026-09-23"
"serie_L3","BCR_IVAE_VOL_SA_M.csv","valores_ausentes","0","","2026-09-23"
"serie_L3","BCR_IVAE_VOL_SA_M.csv","n_vintages","1","","2026-09-23"
"serie_L3","BCR_IVAE_VOL_SA_M.csv","obs_al_primer_origen","99","convención A: el primer origen es 2013-Q1 (2013-M03 en mensuales)","2026-09-23"
"serie_L3","BCR_IVAE_VOL_SA_Q.csv","n_obs","85","","2026-09-23"
"serie_L3","BCR_IVAE_VOL_SA_Q.csv","inicio","2005-Q1","","2026-09-23"
"serie_L3","BCR_IVAE_VOL_SA_Q.csv","fin","2026-Q1","","2026-09-23"
"serie_L3","BCR_IVAE_VOL_SA_Q.csv","huecos","0","","2026-09-23"
"serie_L3","BCR_IVAE_VOL_SA_Q.csv","valores_ausentes","0","","2026-09-23"
"serie_L3","BCR_IVAE_VOL_SA_Q.csv","n_vintages","1","","2026-09-23"
"serie_L3","BCR_IVAE_VOL_SA_Q.csv","obs_al_primer_origen","33","convención A: el primer origen es 2013-Q1 (2013-M03 en mensuales)","2026-09-23"
"serie_L3","BCR_REMESAS_NOM_NSA_M.csv","n_obs","427","","2026-09-23"
"serie_L3","BCR_REMESAS_NOM_NSA_M.csv","inicio","1991-M01","","2026-09-23"
"serie_L3","BCR_REMESAS_NOM_NSA_M.csv","fin","2026-M07","","2026-09-23"
"serie_L3","BCR_REMESAS_NOM_NSA_M.csv","huecos","0","","2026-09-23"
"serie_L3","BCR_REMESAS_NOM_NSA_M.csv","valores_ausentes","0","","2026-09-23"
"serie_L3","BCR_REMESAS_NOM_NSA_M.csv","n_vintages","1","","2026-09-23"
"serie_L3","BCR_REMESAS_NOM_NSA_M.csv","obs_al_primer_origen","267","convención A: el primer origen es 2013-Q1 (2013-M03 en mensuales)","2026-09-23"
"serie_L3","BCR_REMESAS_NOM_NSA_Q.csv","n_obs","142","","2026-09-23"
"serie_L3","BCR_REMESAS_NOM_NSA_Q.csv","inicio","1991-Q1","","2026-09-23"
"serie_L3","BCR_REMESAS_NOM_NSA_Q.csv","fin","2026-Q2","","2026-09-23"
"serie_L3","BCR_REMESAS_NOM_NSA_Q.csv","huecos","0","","2026-09-23"
"serie_L3","BCR_REMESAS_NOM_NSA_Q.csv","valores_ausentes","0","","2026-09-23"
"serie_L3","BCR_REMESAS_NOM_NSA_Q.csv","n_vintages","1","","2026-09-23"
"serie_L3","BCR_REMESAS_NOM_NSA_Q.csv","obs_al_primer_origen","89","convención A: el primer origen es 2013-Q1 (2013-M03 en mensuales)","2026-09-23"
"serie_L3","BCR_REMESAS_REAL_NSA_M.csv","n_obs","200","","2026-09-23"
"serie_L3","BCR_REMESAS_REAL_NSA_M.csv","inicio","2009-M12","","2026-09-23"
"serie_L3","BCR_REMESAS_REAL_NSA_M.csv","fin","2026-M07","","2026-09-23"
"serie_L3","BCR_REMESAS_REAL_NSA_M.csv","huecos","0","","2026-09-23"
"serie_L3","BCR_REMESAS_REAL_NSA_M.csv","valores_ausentes","0","","2026-09-23"
"serie_L3","BCR_REMESAS_REAL_NSA_M.csv","n_vintages","1","","2026-09-23"
"serie_L3","BCR_REMESAS_REAL_NSA_M.csv","obs_al_primer_origen","40","convención A: el primer origen es 2013-Q1 (2013-M03 en mensuales)","2026-09-23"
"serie_L3","BCR_REMESAS_REAL_NSA_Q.csv","n_obs","66","","2026-09-23"
"serie_L3","BCR_REMESAS_REAL_NSA_Q.csv","inicio","2010-Q1","","2026-09-23"
"serie_L3","BCR_REMESAS_REAL_NSA_Q.csv","fin","2026-Q2","","2026-09-23"
"serie_L3","BCR_REMESAS_REAL_NSA_Q.csv","huecos","0","","2026-09-23"
"serie_L3","BCR_REMESAS_REAL_NSA_Q.csv","valores_ausentes","0","","2026-09-23"
"serie_L3","BCR_REMESAS_REAL_NSA_Q.csv","n_vintages","1","","2026-09-23"
"serie_L3","BCR_REMESAS_REAL_NSA_Q.csv","obs_al_primer_origen","13","convención A: el primer origen es 2013-Q1 (2013-M03 en mensuales)","2026-09-23"
"serie_L3","PIB_SA_OFICIAL_Q.csv","n_obs","85","","2026-09-23"
"serie_L3","PIB_SA_OFICIAL_Q.csv","inicio","2005-Q1","","2026-09-23"
"serie_L3","PIB_SA_OFICIAL_Q.csv","fin","2026-Q1","","2026-09-23"
"serie_L3","PIB_SA_OFICIAL_Q.csv","huecos","0","","2026-09-23"
"serie_L3","PIB_SA_OFICIAL_Q.csv","valores_ausentes","0","","2026-09-23"
"serie_L3","PIB_SA_OFICIAL_Q.csv","n_vintages","1","","2026-09-23"
"serie_L3","PIB_SA_OFICIAL_Q.csv","obs_al_primer_origen","33","convención A: el primer origen es 2013-Q1 (2013-M03 en mensuales)","2026-09-23"
"serie_L3","PIB_SA_PROPIO_Q.csv","n_obs","145","","2026-09-23"
"serie_L3","PIB_SA_PROPIO_Q.csv","inicio","1990-Q1","","2026-09-23"
"serie_L3","PIB_SA_PROPIO_Q.csv","fin","2026-Q1","","2026-09-23"
"serie_L3","PIB_SA_PROPIO_Q.csv","huecos","0","","2026-09-23"
"serie_L3","PIB_SA_PROPIO_Q.csv","valores_ausentes","0","","2026-09-23"
"serie_L3","PIB_SA_PROPIO_Q.csv","n_vintages","2","","2026-09-23"
"serie_L3","PIB_SA_PROPIO_Q.csv","obs_al_primer_origen","93","convención A: el primer origen es 2013-Q1 (2013-M03 en mensuales)","2026-09-23"
"serie_L3","UT_DEMANDA_ELEC_GWH_NSA_M.csv","n_obs","295","","2026-09-23"
"serie_L3","UT_DEMANDA_ELEC_GWH_NSA_M.csv","inicio","2002-M01","","2026-09-23"
"serie_L3","UT_DEMANDA_ELEC_GWH_NSA_M.csv","fin","2026-M07","","2026-09-23"
"serie_L3","UT_DEMANDA_ELEC_GWH_NSA_M.csv","huecos","0","","2026-09-23"
"serie_L3","UT_DEMANDA_ELEC_GWH_NSA_M.csv","valores_ausentes","0","","2026-09-23"
"serie_L3","UT_DEMANDA_ELEC_GWH_NSA_M.csv","n_vintages","25","","2026-09-23"
"serie_L3","UT_DEMANDA_ELEC_GWH_NSA_M.csv","obs_al_primer_origen","135","convención A: el primer origen es 2013-Q1 (2013-M03 en mensuales)","2026-09-23"
"serie_L3","UT_DEMANDA_ELEC_GWH_NSA_Q.csv","n_obs","98","","2026-09-23"
"serie_L3","UT_DEMANDA_ELEC_GWH_NSA_Q.csv","inicio","2002-Q1","","2026-09-23"
"serie_L3","UT_DEMANDA_ELEC_GWH_NSA_Q.csv","fin","2026-Q2","","2026-09-23"
"serie_L3","UT_DEMANDA_ELEC_GWH_NSA_Q.csv","huecos","0","","2026-09-23"
"serie_L3","UT_DEMANDA_ELEC_GWH_NSA_Q.csv","valores_ausentes","0","","2026-09-23"
"serie_L3","UT_DEMANDA_ELEC_GWH_NSA_Q.csv","n_vintages","25","","2026-09-23"
"serie_L3","UT_DEMANDA_ELEC_GWH_NSA_Q.csv","obs_al_primer_origen","45","convención A: el primer origen es 2013-Q1 (2013-M03 en mensuales)","2026-09-23"
"origenes_evaluables","A_origenes_2013Q1_2025Q4_target_hasta_ultimo","h1","52","muestra en el primer origen: 93 obs","2026-09-23"
"origenes_evaluables","A_origenes_2013Q1_2025Q4_target_hasta_ultimo","h2","51","muestra en el primer origen: 93 obs","2026-09-23"
"origenes_evaluables","A_origenes_2013Q1_2025Q4_target_hasta_ultimo","h4","49","muestra en el primer origen: 93 obs","2026-09-23"
"origenes_evaluables","A_origenes_2013Q1_2025Q4_target_hasta_ultimo","h8","45","muestra en el primer origen: 93 obs","2026-09-23"
"origenes_evaluables","A_origenes_2013Q1_2025Q4_target_hasta_2025Q4","h1","51","muestra en el primer origen: 93 obs","2026-09-23"
"origenes_evaluables","A_origenes_2013Q1_2025Q4_target_hasta_2025Q4","h2","50","muestra en el primer origen: 93 obs","2026-09-23"
"origenes_evaluables","A_origenes_2013Q1_2025Q4_target_hasta_2025Q4","h4","48","muestra en el primer origen: 93 obs","2026-09-23"
"origenes_evaluables","A_origenes_2013Q1_2025Q4_target_hasta_2025Q4","h8","44","muestra en el primer origen: 93 obs","2026-09-23"
"origenes_evaluables","B_origenes_2012Q4_2025Q3_target_hasta_2025Q4","h1","52","muestra en el primer origen: 92 obs","2026-09-23"
"origenes_evaluables","B_origenes_2012Q4_2025Q3_target_hasta_2025Q4","h2","51","muestra en el primer origen: 92 obs","2026-09-23"
"origenes_evaluables","B_origenes_2012Q4_2025Q3_target_hasta_2025Q4","h4","49","muestra en el primer origen: 92 obs","2026-09-23"
"origenes_evaluables","B_origenes_2012Q4_2025Q3_target_hasta_2025Q4","h8","45","muestra en el primer origen: 92 obs","2026-09-23"
"origenes_evaluables","B_origenes_2012Q4_2025Q4_target_hasta_ultimo","h1","53","muestra en el primer origen: 92 obs","2026-09-23"
"origenes_evaluables","B_origenes_2012Q4_2025Q4_target_hasta_ultimo","h2","52","muestra en el primer origen: 92 obs","2026-09-23"
"origenes_evaluables","B_origenes_2012Q4_2025Q4_target_hasta_ultimo","h4","50","muestra en el primer origen: 92 obs","2026-09-23"
"origenes_evaluables","B_origenes_2012Q4_2025Q4_target_hasta_ultimo","h8","46","muestra en el primer origen: 92 obs","2026-09-23"
"origenes_por_grupo","G1_largo","h1","52","primer origen 2013-Q1; mínimo 40 obs de la serie más corta","2026-09-23"
"origenes_por_grupo","G1_largo","h2","51","primer origen 2013-Q1; mínimo 40 obs de la serie más corta","2026-09-23"
"origenes_por_grupo","G1_largo","h4","49","primer origen 2013-Q1; mínimo 40 obs de la serie más corta","2026-09-23"
"origenes_por_grupo","G1_largo","h8","45","primer origen 2013-Q1; mínimo 40 obs de la serie más corta","2026-09-23"
"origenes_por_grupo","G2_medio","h1","45","primer origen 2014-Q4; mínimo 40 obs de la serie más corta","2026-09-23"
"origenes_por_grupo","G2_medio","h2","44","primer origen 2014-Q4; mínimo 40 obs de la serie más corta","2026-09-23"
"origenes_por_grupo","G2_medio","h4","42","primer origen 2014-Q4; mínimo 40 obs de la serie más corta","2026-09-23"
"origenes_por_grupo","G2_medio","h8","38","primer origen 2014-Q4; mínimo 40 obs de la serie más corta","2026-09-23"
"origenes_por_grupo","G3_corto","h1","25","primer origen 2019-Q4; mínimo 40 obs de la serie más corta","2026-09-23"
"origenes_por_grupo","G3_corto","h2","24","primer origen 2019-Q4; mínimo 40 obs de la serie más corta","2026-09-23"
"origenes_por_grupo","G3_corto","h4","22","primer origen 2019-Q4; mínimo 40 obs de la serie más corta","2026-09-23"
"origenes_por_grupo","G3_corto","h8","18","primer origen 2019-Q4; mínimo 40 obs de la serie más corta","2026-09-23"
"rezago_publicacion","BCR.IVAE.VOL.SA.M","rezago_dias_mediano","61","Índice de Volumen de la Actividad Económica (IVAE)","2026-09-23"
"rezago_publicacion","BCR.IVAE.VOL.SA.M","meses_trimestre_siguiente_conocidos_min","1","sobre los 52 orígenes, a la publicación del PIB de o (92 días)","2026-09-23"
"rezago_publicacion","BCR.IVAE.VOL.SA.M","meses_trimestre_siguiente_conocidos_max","1","sobre los 52 orígenes, a la publicación del PIB de o (92 días)","2026-09-23"
"rezago_publicacion","BCR.REMESAS.NOM.NSA.M","rezago_dias_mediano","24","Ingresos mensuales de remesas familiares","2026-09-23"
"rezago_publicacion","BCR.REMESAS.NOM.NSA.M","meses_trimestre_siguiente_conocidos_min","2","sobre los 52 orígenes, a la publicación del PIB de o (92 días)","2026-09-23"
"rezago_publicacion","BCR.REMESAS.NOM.NSA.M","meses_trimestre_siguiente_conocidos_max","2","sobre los 52 orígenes, a la publicación del PIB de o (92 días)","2026-09-23"
"rezago_publicacion","BCR.REMESAS.REAL.NSA.M","rezago_dias_mediano","24","Ingresos mensuales de remesas familiares","2026-09-23"
"rezago_publicacion","BCR.REMESAS.REAL.NSA.M","meses_trimestre_siguiente_conocidos_min","2","sobre los 52 orígenes, a la publicación del PIB de o (92 días)","2026-09-23"
"rezago_publicacion","BCR.REMESAS.REAL.NSA.M","meses_trimestre_siguiente_conocidos_max","2","sobre los 52 orígenes, a la publicación del PIB de o (92 días)","2026-09-23"
"rezago_publicacion","BCR.EXPORT_FOB.NOM.NSA.M","rezago_dias_mediano","24","Balanza Comercial de Mercancías. Valores","2026-09-23"
"rezago_publicacion","BCR.EXPORT_FOB.NOM.NSA.M","meses_trimestre_siguiente_conocidos_min","2","sobre los 52 orígenes, a la publicación del PIB de o (92 días)","2026-09-23"
"rezago_publicacion","BCR.EXPORT_FOB.NOM.NSA.M","meses_trimestre_siguiente_conocidos_max","2","sobre los 52 orígenes, a la publicación del PIB de o (92 días)","2026-09-23"
"rezago_publicacion","BCR.IPP.IDX.NSA.M","rezago_dias_mediano","10","Índice de Precios al Productor (IPP)","2026-09-23"
"rezago_publicacion","BCR.IPP.IDX.NSA.M","meses_trimestre_siguiente_conocidos_min","2","sobre los 52 orígenes, a la publicación del PIB de o (92 días)","2026-09-23"
"rezago_publicacion","BCR.IPP.IDX.NSA.M","meses_trimestre_siguiente_conocidos_max","2","sobre los 52 orígenes, a la publicación del PIB de o (92 días)","2026-09-23"
"rezago_publicacion","BCR.ITCER.IDX.NSA.M","rezago_dias_mediano","30","Índice de Tipo de Cambio Efectivo Real - Mensual","2026-09-23"
"rezago_publicacion","BCR.ITCER.IDX.NSA.M","meses_trimestre_siguiente_conocidos_min","2","sobre los 52 orígenes, a la publicación del PIB de o (92 días)","2026-09-23"
"rezago_publicacion","BCR.ITCER.IDX.NSA.M","meses_trimestre_siguiente_conocidos_max","2","sobre los 52 orígenes, a la publicación del PIB de o (92 días)","2026-09-23"
"rezago_publicacion","BCR.IPM.IDX.NSA.M","rezago_dias_mediano","61","Índices de Precios del Comercio Exterior - Mensual","2026-09-23"
"rezago_publicacion","BCR.IPM.IDX.NSA.M","meses_trimestre_siguiente_conocidos_min","1","sobre los 52 orígenes, a la publicación del PIB de o (92 días)","2026-09-23"
"rezago_publicacion","BCR.IPM.IDX.NSA.M","meses_trimestre_siguiente_conocidos_max","1","sobre los 52 orígenes, a la publicación del PIB de o (92 días)","2026-09-23"
"rezago_publicacion","PIB_SA_PROPIO_Q","rezago_dias_mediano","92","calendario de divulgación del BCR, PIB trimestral","2026-09-23"
"rezago_publicacion","UT_DEMANDA_ELEC_GWH_NSA_M","grano_de_disponibilidad","anual","vintages anuales con fecha de publicación sintética (31-dic; 31-jul para 2026)","2026-09-23"
"peso_del_shock_2020","PIB_SA_PROPIO_Q","n_targets_h1","52","","2026-09-23"
"peso_del_shock_2020","PIB_SA_PROPIO_Q","sd_yoy_pp","5.3322","","2026-09-23"
"peso_del_shock_2020","PIB_SA_PROPIO_Q","sd_yoy_pp_sin_2020","3.6781","","2026-09-23"
"peso_del_shock_2020","PIB_SA_PROPIO_Q","yoy_pp_2020Q2","-22.2857","","2026-09-23"
"peso_del_shock_2020","PIB_SA_PROPIO_Q","qoq_pp_2020Q2","-21.4382","","2026-09-23"
"peso_del_shock_2020","PIB_SA_PROPIO_Q","cuota_2020_en_suma_cuadrados_yoy","0.3282","targets de h=1","2026-09-23"
"vintages","catalogo_08","n_filas","56","","2026-09-23"
"vintages","catalogo_08","fechas_publicacion_previas_a_2026","24","publicaciones: UT.DEMANDA_TOTAL_MENSUAL","2026-09-23"
"vintages","BCR.PIB_T.INDICES_VOLUMEN_ENCADENADOS_NSA","n_vintages","1","BCR.PIB_T.INDICES_VOLUMEN_ENCADENADOS_NSA.v2026-06","2026-09-23"
