"variante","muestra_eval","exp_id","grupo","h","unidad","modelo_id","n_pares","rmse","mae","rmse_relativo","en_mcs","p_mcs","marca_tamano","marca_n"
"principal","completa","F4_BENCH_G1","G1",1,"yoy_pp","BENCH.AR1",52,4.45634939702439,1.79587811051033,1.12517202314921,TRUE,0.584,,""
"principal","completa","F4_BENCH_G1","G1",1,"yoy_pp","BENCH.ARP_BIC",52,4.5346954633317,1.98963546672615,1.14495341685941,TRUE,0.584,,""
"principal","completa","F4_BENCH_G1","G1",1,"yoy_pp","BENCH.ETS",52,4.19835207017146,1.78912906556234,1.06003095175655,TRUE,0.584,,""
"principal","completa","F4_BENCH_G1","G1",1,"yoy_pp","BENCH.MEDIA_CRECIMIENTO",52,5.30311581620283,2.30031755533533,1.33896986531078,TRUE,0.584,,""
"principal","completa","F4_BENCH_G1","G1",1,"yoy_pp","BENCH.RW_CON_DERIVA",52,3.91866603560245,1.59044820944267,0.989413755184682,TRUE,1,,""
"principal","completa","F4_BENCH_G1","G1",1,"yoy_pp","BENCH.RW_SIN_DERIVA",52,3.96059385173092,1.77804253079587,1,TRUE,0.584,,""
"principal","completa","F4_BENCH_G1","G1",2,"yoy_pp","BENCH.AR1",51,5.50107089510067,2.26979755155043,1.07484831580074,TRUE,0.7968,,""
"principal","completa","F4_BENCH_G1","G1",2,"yoy_pp","BENCH.ARP_BIC",51,5.47621738944108,2.46545201399897,1.069992216105,TRUE,0.575,,""
"principal","completa","F4_BENCH_G1","G1",2,"yoy_pp","BENCH.ETS",51,5.41180957532415,2.35938201485107,1.05740764269227,TRUE,0.7968,,""
"principal","completa","F4_BENCH_G1","G1",2,"yoy_pp","BENCH.MEDIA_CRECIMIENTO",51,5.3735522396155,2.33456591255896,1.04993258308341,TRUE,0.7968,,""
"principal","completa","F4_BENCH_G1","G1",2,"yoy_pp","BENCH.RW_CON_DERIVA",51,4.98494016346219,2.09243507929984,0.974002088181914,TRUE,1,,""
"principal","completa","F4_BENCH_G1","G1",2,"yoy_pp","BENCH.RW_SIN_DERIVA",51,5.11799740878087,2.71320976767122,1,TRUE,0.7968,,""
"principal","completa","F4_BENCH_G1","G1",4,"yoy_pp","BENCH.AR1",49,6.11004278412228,2.6000718275116,1.02295967543593,TRUE,0.7128,"distorsion_tamano_documentada",""
"principal","completa","F4_BENCH_G1","G1",4,"yoy_pp","BENCH.ARP_BIC",49,5.8963598415128,2.7034805271945,0.987184306696125,TRUE,0.7128,"distorsion_tamano_documentada",""
"principal","completa","F4_BENCH_G1","G1",4,"yoy_pp","BENCH.ETS",49,6.24733755123598,2.74272445967666,1.04594593189402,TRUE,0.6638,"distorsion_tamano_documentada",""
"principal","completa","F4_BENCH_G1","G1",4,"yoy_pp","BENCH.MEDIA_CRECIMIENTO",49,5.47733968425853,2.41223169734201,0.917030833273676,TRUE,1,"distorsion_tamano_documentada",""
"principal","completa","F4_BENCH_G1","G1",4,"yoy_pp","BENCH.RW_CON_DERIVA",49,5.52656049697813,2.41439182085007,0.925271513148322,TRUE,0.7128,"distorsion_tamano_documentada",""
"principal","completa","F4_BENCH_G1","G1",4,"yoy_pp","BENCH.RW_SIN_DERIVA",49,5.97290678297606,3.86595365233953,1,TRUE,0.7128,"distorsion_tamano_documentada",""
"principal","completa","F4_BENCH_G1","G1",8,"yoy_pp","BENCH.AR1",45,5.65736630656437,2.49835403598698,0.912837889400437,TRUE,0.8852,"distorsion_tamano_documentada",""
"principal","completa","F4_BENCH_G1","G1",8,"yoy_pp","BENCH.ARP_BIC",45,5.65412035471337,2.46737232709072,0.912314142540821,TRUE,1,"distorsion_tamano_documentada",""
"principal","completa","F4_BENCH_G1","G1",8,"yoy_pp","BENCH.ETS",45,5.74549151417541,2.66779330493941,0.927057231786892,TRUE,0.4776,"distorsion_tamano_documentada",""
"principal","completa","F4_BENCH_G1","G1",8,"yoy_pp","BENCH.MEDIA_CRECIMIENTO",45,5.65584802434655,2.47156865099064,0.912592908704451,TRUE,0.8952,"distorsion_tamano_documentada",""
"principal","completa","F4_BENCH_G1","G1",8,"yoy_pp","BENCH.RW_CON_DERIVA",45,5.65580103611082,2.48095034946757,0.912585326971255,TRUE,0.8952,"distorsion_tamano_documentada",""
"principal","completa","F4_BENCH_G1","G1",8,"yoy_pp","BENCH.RW_SIN_DERIVA",45,6.19755859419924,4.05598611863954,1,TRUE,0.1482,"distorsion_tamano_documentada",""
"principal","completa","F4_BENCH_G2","G2",1,"yoy_pp","BENCH.AR1",45,4.77355880766317,1.94584232308108,1.12666708729142,TRUE,0.5914,,""
"principal","completa","F4_BENCH_G2","G2",1,"yoy_pp","BENCH.ARP_BIC",45,4.85806731527566,2.1678008596532,1.14661299305261,TRUE,0.5914,,""
"principal","completa","F4_BENCH_G2","G2",1,"yoy_pp","BENCH.ETS",45,4.49492387210962,1.93865707139554,1.06090298467813,TRUE,0.5914,,""
"principal","completa","F4_BENCH_G2","G2",1,"yoy_pp","BENCH.MEDIA_CRECIMIENTO",45,5.6762050388607,2.48031150363356,1.33971187025823,TRUE,0.5914,,""
"principal","completa","F4_BENCH_G2","G2",1,"yoy_pp","BENCH.RW_CON_DERIVA",45,4.19323741428912,1.70651780679228,0.989698205098954,TRUE,1,,""
"principal","completa","F4_BENCH_G2","G2",1,"yoy_pp","BENCH.RW_SIN_DERIVA",45,4.23688493389747,1.9392924809181,1,TRUE,0.5914,,""
"principal","completa","F4_BENCH_G2","G2",2,"yoy_pp","BENCH.AR1",44,5.89971722487995,2.45536106616635,1.07869106949645,TRUE,0.7984,,""
"principal","completa","F4_BENCH_G2","G2",2,"yoy_pp","BENCH.ARP_BIC",44,5.87235436298483,2.67848299958837,1.07368810517849,TRUE,0.5364,,""
"principal","completa","F4_BENCH_G2","G2",2,"yoy_pp","BENCH.ETS",44,5.80142152133585,2.55117359992576,1.06071890345166,TRUE,0.799,,""
"principal","completa","F4_BENCH_G2","G2",2,"yoy_pp","BENCH.MEDIA_CRECIMIENTO",44,5.76275411691418,2.53829739940332,1.05364904192433,TRUE,0.799,,""
"principal","completa","F4_BENCH_G2","G2",2,"yoy_pp","BENCH.RW_CON_DERIVA",44,5.34112318375398,2.24612246164164,0.976558987454371,TRUE,1,,""
"principal","completa","F4_BENCH_G2","G2",2,"yoy_pp","BENCH.RW_SIN_DERIVA",44,5.46932981250509,2.91112988598903,1,TRUE,0.799,,""
"principal","completa","F4_BENCH_G2","G2",4,"yoy_pp","BENCH.AR1",42,6.57689655749428,2.84382321525305,1.02947865635751,TRUE,0.684,"distorsion_tamano_documentada",""
"principal","completa","F4_BENCH_G2","G2",4,"yoy_pp","BENCH.ARP_BIC",42,6.34366886400133,2.9596270768078,0.992971630524954,TRUE,0.684,"distorsion_tamano_documentada",""
"principal","completa","F4_BENCH_G2","G2",4,"yoy_pp","BENCH.ETS",42,6.72527316834382,2.99267389307058,1.05270398043505,TRUE,0.6344,"distorsion_tamano_documentada",""
"principal","completa","F4_BENCH_G2","G2",4,"yoy_pp","BENCH.MEDIA_CRECIMIENTO",42,5.89098748900122,2.62453145389185,0.922113618753101,TRUE,1,"distorsion_tamano_documentada",""
"principal","completa","F4_BENCH_G2","G2",4,"yoy_pp","BENCH.RW_CON_DERIVA",42,5.9425512024113,2.62235691940596,0.930184863592391,TRUE,0.684,"distorsion_tamano_documentada",""
"principal","completa","F4_BENCH_G2","G2",4,"yoy_pp","BENCH.RW_SIN_DERIVA",42,6.38857009504655,4.1996248685852,1,TRUE,0.684,"distorsion_tamano_documentada",""
"principal","completa","F4_BENCH_G2","G2",8,"yoy_pp","BENCH.AR1",38,6.14544431403453,2.82140344827252,0.923023249459791,TRUE,0.8688,"distorsion_tamano_documentada",""
"principal","completa","F4_BENCH_G2","G2",8,"yoy_pp","BENCH.ARP_BIC",38,6.14151985438514,2.78300940597674,0.92243380998026,TRUE,1,"distorsion_tamano_documentada",""
"principal","completa","F4_BENCH_G2","G2",8,"yoy_pp","BENCH.ETS",38,6.24165014925004,3.02097505797569,0.937473013886884,TRUE,0.4816,"distorsion_tamano_documentada",""
"principal","completa","F4_BENCH_G2","G2",8,"yoy_pp","BENCH.MEDIA_CRECIMIENTO",38,6.14362472206633,2.78729512528778,0.922749953404152,TRUE,0.9196,"distorsion_tamano_documentada",""
"principal","completa","F4_BENCH_G2","G2",8,"yoy_pp","BENCH.RW_CON_DERIVA",38,6.14335218255993,2.79908864300195,0.922709018967527,TRUE,0.9196,"distorsion_tamano_documentada",""
"principal","completa","F4_BENCH_G2","G2",8,"yoy_pp","BENCH.RW_SIN_DERIVA",38,6.65795180959008,4.36906983698394,1,TRUE,0.2466,"distorsion_tamano_documentada",""
"principal","completa","F4_BENCH_G3","G3",1,"yoy_pp","BENCH.AR1",25,6.36764557377701,3.00867205660116,1.13549679188066,TRUE,0.5668,,""
"principal","completa","F4_BENCH_G3","G3",1,"yoy_pp","BENCH.ARP_BIC",25,6.47911917179959,3.38894560376771,1.15537508307439,TRUE,0.5668,,""
"principal","completa","F4_BENCH_G3","G3",1,"yoy_pp","BENCH.ETS",25,5.98894953541537,2.98240090273861,1.0679666299589,TRUE,0.5668,,""
"principal","completa","F4_BENCH_G3","G3",1,"yoy_pp","BENCH.MEDIA_CRECIMIENTO",25,7.59521567299907,4.06433451931012,1.35440060700749,TRUE,0.5668,,""
"principal","completa","F4_BENCH_G3","G3",1,"yoy_pp","BENCH.RW_CON_DERIVA",25,5.58098063009549,2.55863610861805,0.99521644658099,TRUE,1,,""
"principal","completa","F4_BENCH_G3","G3",1,"yoy_pp","BENCH.RW_SIN_DERIVA",25,5.60780586903345,2.83142860368453,1,TRUE,0.7542,,""
"principal","completa","F4_BENCH_G3","G3",2,"yoy_pp","BENCH.AR1",24,7.94421731563612,3.99147903975861,1.08990747165452,TRUE,0.7932,,""
"principal","completa","F4_BENCH_G3","G3",2,"yoy_pp","BENCH.ARP_BIC",24,7.90465425189127,4.38671104639324,1.08447961425035,TRUE,0.3306,,""
"principal","completa","F4_BENCH_G3","G3",2,"yoy_pp","BENCH.ETS",24,7.80582525658932,4.10447564704686,1.07092076306136,TRUE,0.7932,,""
"principal","completa","F4_BENCH_G3","G3",2,"yoy_pp","BENCH.MEDIA_CRECIMIENTO",24,7.7585685632199,4.13479137457732,1.064437377582,TRUE,0.7932,,""
"principal","completa","F4_BENCH_G3","G3",2,"yoy_pp","BENCH.RW_CON_DERIVA",24,7.18070232343718,3.59405006015757,0.985156976841146,TRUE,1,,""
"principal","completa","F4_BENCH_G3","G3",2,"yoy_pp","BENCH.RW_SIN_DERIVA",24,7.28889150890624,4.24401998730935,1,TRUE,0.7932,,""
"principal","completa","F4_BENCH_G3","G3",4,"yoy_pp","BENCH.AR1",22,6.95032286855067,3.32293526942007,1.01423064220079,TRUE,0.4222,"distorsion_tamano_documentada",""
"principal","completa","F4_BENCH_G3","G3",4,"yoy_pp","BENCH.ARP_BIC",22,6.50497910354686,3.51775435111445,0.949243547166148,TRUE,0.4222,"distorsion_tamano_documentada",""
"principal","completa","F4_BENCH_G3","G3",4,"yoy_pp","BENCH.ETS",22,7.23886117980757,3.56368898161433,1.05633579361034,TRUE,0.3784,"distorsion_tamano_documentada",""
"principal","completa","F4_BENCH_G3","G3",4,"yoy_pp","BENCH.MEDIA_CRECIMIENTO",22,5.65485284572481,2.89136400061198,0.825188288622108,TRUE,1,"distorsion_tamano_documentada",""
"principal","completa","F4_BENCH_G3","G3",4,"yoy_pp","BENCH.RW_CON_DERIVA",22,5.73640422211253,2.87387495971095,0.837088729279381,TRUE,0.5288,"distorsion_tamano_documentada",""
"principal","completa","F4_BENCH_G3","G3",4,"yoy_pp","BENCH.RW_SIN_DERIVA",22,6.85280307984888,4.69689099790979,1,FALSE,0.0674,"distorsion_tamano_documentada",""
"principal","completa","F4_BENCH_G3","G3",8,"yoy_pp","BENCH.AR1",18,1.63908871570815,1.43268419740037,0.452944880428694,TRUE,0.2956,"distorsion_tamano_documentada",""
"principal","completa","F4_BENCH_G3","G3",8,"yoy_pp","BENCH.ARP_BIC",18,1.57766693716032,1.35265227923407,0.435971619693354,TRUE,1,"distorsion_tamano_documentada",""
"principal","completa","F4_BENCH_G3","G3",8,"yoy_pp","BENCH.ETS",18,2.28941270621979,1.79102399788431,0.632655056759778,TRUE,0.2956,"distorsion_tamano_documentada",""
"principal","completa","F4_BENCH_G3","G3",8,"yoy_pp","BENCH.MEDIA_CRECIMIENTO",18,1.61262507261848,1.36277405703186,0.445631931751732,TRUE,0.2956,"distorsion_tamano_documentada",""
"principal","completa","F4_BENCH_G3","G3",8,"yoy_pp","BENCH.RW_CON_DERIVA",18,1.59265624063329,1.38659733517618,0.44011375562792,TRUE,0.2956,"distorsion_tamano_documentada",""
"principal","completa","F4_BENCH_G3","G3",8,"yoy_pp","BENCH.RW_SIN_DERIVA",18,3.6187377019403,3.37561056584571,1,FALSE,0,"distorsion_tamano_documentada",""
"R1","completa","F4_BENCH_G1_R1","G1",1,"yoy_pp","BENCH.AR1",52,4.73775375998172,1.89654423308161,1.19622307596906,TRUE,0.5744,,""
"R1","completa","F4_BENCH_G1_R1","G1",1,"yoy_pp","BENCH.ARP_BIC",52,5.09327419493519,2.33475642628514,1.28598750228056,TRUE,0.5664,,""
"R1","completa","F4_BENCH_G1_R1","G1",1,"yoy_pp","BENCH.ETS",52,4.78359146745159,2.02170568531279,1.20779651903994,TRUE,0.5744,,""
"R1","completa","F4_BENCH_G1_R1","G1",1,"yoy_pp","BENCH.MEDIA_CRECIMIENTO",52,5.33224245403676,2.38357655246256,1.34632397404404,TRUE,0.5744,,""
"R1","completa","F4_BENCH_G1_R1","G1",1,"yoy_pp","BENCH.RW_CON_DERIVA",52,3.92580698730233,1.60919273846274,0.991216755433435,TRUE,1,,""
"R1","completa","F4_BENCH_G1_R1","G1",1,"yoy_pp","BENCH.RW_SIN_DERIVA",52,3.96059385173092,1.77804253079587,1,TRUE,0.5744,,""
"R1","completa","F4_BENCH_G1_R1","G1",2,"yoy_pp","BENCH.AR1",51,5.88722185146312,2.40258609776136,1.15029793515771,TRUE,0.7538,,""
"R1","completa","F4_BENCH_G1_R1","G1",2,"yoy_pp","BENCH.ARP_BIC",51,5.93604126449691,2.80791552116957,1.15983670767643,TRUE,0.6872,,""
"R1","completa","F4_BENCH_G1_R1","G1",2,"yoy_pp","BENCH.ETS",51,6.68258253128259,2.6985282236951,1.30570260153266,TRUE,0.6872,,""
"R1","completa","F4_BENCH_G1_R1","G1",2,"yoy_pp","BENCH.MEDIA_CRECIMIENTO",51,5.41036823853514,2.43004682221737,1.05712602144985,TRUE,0.7538,,""
"R1","completa","F4_BENCH_G1_R1","G1",2,"yoy_pp","BENCH.RW_CON_DERIVA",51,5.00157983944899,2.13875645993397,0.977253296546781,TRUE,1,,""
"R1","completa","F4_BENCH_G1_R1","G1",2,"yoy_pp","BENCH.RW_SIN_DERIVA",51,5.11799740878087,2.71320976767122,1,TRUE,0.7538,,""
"R1","completa","F4_BENCH_G1_R1","G1",4,"yoy_pp","BENCH.AR1",49,6.63056567965183,2.80605331756416,1.11010700829121,TRUE,0.6396,"distorsion_tamano_documentada",""
"R1","completa","F4_BENCH_G1_R1","G1",4,"yoy_pp","BENCH.ARP_BIC",49,6.04968694850627,2.90049080889259,1.01285474029982,TRUE,0.6396,"distorsion_tamano_documentada",""
"R1","completa","F4_BENCH_G1_R1","G1",4,"yoy_pp","BENCH.ETS",49,9.19931367628346,3.3881544311525,1.54017365589955,TRUE,0.593,"distorsion_tamano_documentada",""
"R1","completa","F4_BENCH_G1_R1","G1",4,"yoy_pp","BENCH.MEDIA_CRECIMIENTO",49,5.51066905942989,2.51281212143631,0.922610926247228,TRUE,1,"distorsion_tamano_documentada",""
"R1","completa","F4_BENCH_G1_R1","G1",4,"yoy_pp","BENCH.RW_CON_DERIVA",49,5.57070708298925,2.51402963707358,0.932662652440323,TRUE,0.6396,"distorsion_tamano_documentada",""
"R1","completa","F4_BENCH_G1_R1","G1",4,"yoy_pp","BENCH.RW_SIN_DERIVA",49,5.97290678297606,3.86595365233953,1,TRUE,0.6396,"distorsion_tamano_documentada",""
"R1","completa","F4_BENCH_G1_R1","G1",8,"yoy_pp","BENCH.AR1",45,5.68633967607444,2.60927694816101,0.91751285439991,TRUE,0.56,"distorsion_tamano_documentada",""
"R1","completa","F4_BENCH_G1_R1","G1",8,"yoy_pp","BENCH.ARP_BIC",45,5.74762419431046,2.74323224077588,0.927401347958226,TRUE,0.56,"distorsion_tamano_documentada",""
"R1","completa","F4_BENCH_G1_R1","G1",8,"yoy_pp","BENCH.ETS",45,7.52500658674589,3.30883628029257,1.21418885717178,TRUE,0.56,"distorsion_tamano_documentada",""
"R1","completa","F4_BENCH_G1_R1","G1",8,"yoy_pp","BENCH.MEDIA_CRECIMIENTO",45,5.68252269713058,2.57954964197952,0.916896970114858,TRUE,0.56,"distorsion_tamano_documentada",""
"R1","completa","F4_BENCH_G1_R1","G1",8,"yoy_pp","BENCH.RW_CON_DERIVA",45,5.67672554119878,2.59244742930967,0.915961576629878,TRUE,1,"distorsion_tamano_documentada",""
"R1","completa","F4_BENCH_G1_R1","G1",8,"yoy_pp","BENCH.RW_SIN_DERIVA",45,6.19755859419924,4.05598611863954,1,TRUE,0.56,"distorsion_tamano_documentada",""
"R1","completa","F4_BENCH_G2_R1","G2",1,"yoy_pp","BENCH.AR1",45,5.07704935873547,2.06210595278317,1.1982976733959,TRUE,0.565,,""
"R1","completa","F4_BENCH_G2_R1","G2",1,"yoy_pp","BENCH.ARP_BIC",45,5.460317979122,2.56747444904347,1.28875767558292,TRUE,0.5506,,""
"R1","completa","F4_BENCH_G2_R1","G2",1,"yoy_pp","BENCH.ETS",45,5.12714035790562,2.20866808502815,1.21012027418673,TRUE,0.565,,""
"R1","completa","F4_BENCH_G2_R1","G2",1,"yoy_pp","BENCH.MEDIA_CRECIMIENTO",45,5.70827660445612,2.57898815064498,1.34728148002951,TRUE,0.565,,""
"R1","completa","F4_BENCH_G2_R1","G2",1,"yoy_pp","BENCH.RW_CON_DERIVA",45,4.20091318189538,1.72904529867091,0.991509858643011,TRUE,1,,""
"R1","completa","F4_BENCH_G2_R1","G2",1,"yoy_pp","BENCH.RW_SIN_DERIVA",45,4.23688493389747,1.9392924809181,1,TRUE,0.565,,""
"R1","completa","F4_BENCH_G2_R1","G2",2,"yoy_pp","BENCH.AR1",44,6.31618713101104,2.60533316087238,1.15483749335608,TRUE,0.7522,,""
"R1","completa","F4_BENCH_G2_R1","G2",2,"yoy_pp","BENCH.ARP_BIC",44,6.36936524822659,3.07695584911265,1.16456046107581,TRUE,0.6734,,""
"R1","completa","F4_BENCH_G2_R1","G2",2,"yoy_pp","BENCH.ETS",44,7.17631778369145,2.9544114493523,1.31210185337214,TRUE,0.6734,,""
"R1","completa","F4_BENCH_G2_R1","G2",2,"yoy_pp","BENCH.MEDIA_CRECIMIENTO",44,5.8025514069946,2.65032771961941,1.06092548921216,TRUE,0.7522,,""
"R1","completa","F4_BENCH_G2_R1","G2",2,"yoy_pp","BENCH.RW_CON_DERIVA",44,5.35929050192943,2.30133966449867,0.979880659176182,TRUE,1,,""
"R1","completa","F4_BENCH_G2_R1","G2",2,"yoy_pp","BENCH.RW_SIN_DERIVA",44,5.46932981250509,2.91112988598903,1,TRUE,0.7522,,""
"R1","completa","F4_BENCH_G2_R1","G2",4,"yoy_pp","BENCH.AR1",42,7.13998705493155,3.07655575584702,1.11761895834369,TRUE,0.6024,"distorsion_tamano_documentada",""
"R1","completa","F4_BENCH_G2_R1","G2",4,"yoy_pp","BENCH.ARP_BIC",42,6.51122352680411,3.19267081085404,1.01919888643824,TRUE,0.6024,"distorsion_tamano_documentada",""
"R1","completa","F4_BENCH_G2_R1","G2",4,"yoy_pp","BENCH.ETS",42,9.92309727005358,3.76719137940472,1.55325794699311,TRUE,0.555,"distorsion_tamano_documentada",""
"R1","completa","F4_BENCH_G2_R1","G2",4,"yoy_pp","BENCH.MEDIA_CRECIMIENTO",42,5.92652035672399,2.73870651103256,0.927675562536159,TRUE,1,"distorsion_tamano_documentada",""
"R1","completa","F4_BENCH_G2_R1","G2",4,"yoy_pp","BENCH.RW_CON_DERIVA",42,5.99186458879621,2.74179944373186,0.937903865755824,TRUE,0.6024,"distorsion_tamano_documentada",""
"R1","completa","F4_BENCH_G2_R1","G2",4,"yoy_pp","BENCH.RW_SIN_DERIVA",42,6.38857009504655,4.1996248685852,1,TRUE,0.6024,"distorsion_tamano_documentada",""
"R1","completa","F4_BENCH_G2_R1","G2",8,"yoy_pp","BENCH.AR1",38,6.17755998266747,2.95465469356133,0.927846905375516,TRUE,0.5376,"distorsion_tamano_documentada",""
"R1","completa","F4_BENCH_G2_R1","G2",8,"yoy_pp","BENCH.ARP_BIC",38,6.24402492520018,3.11004564923513,0.937829696545163,TRUE,0.5376,"distorsion_tamano_documentada",""
"R1","completa","F4_BENCH_G2_R1","G2",8,"yoy_pp","BENCH.ETS",38,8.17877871060682,3.75562474089731,1.22842263574605,TRUE,0.5376,"distorsion_tamano_documentada",""
"R1","completa","F4_BENCH_G2_R1","G2",8,"yoy_pp","BENCH.MEDIA_CRECIMIENTO",38,6.17283654040053,2.91657327054596,0.927137461630349,TRUE,0.5376,"distorsion_tamano_documentada",""
"R1","completa","F4_BENCH_G2_R1","G2",8,"yoy_pp","BENCH.RW_CON_DERIVA",38,6.16673909548168,2.93148468828829,0.926221647714414,TRUE,1,"distorsion_tamano_documentada",""
"R1","completa","F4_BENCH_G2_R1","G2",8,"yoy_pp","BENCH.RW_SIN_DERIVA",38,6.65795180959008,4.36906983698394,1,TRUE,0.5376,"distorsion_tamano_documentada",""
"R1","completa","F4_BENCH_G3_R1","G3",1,"yoy_pp","BENCH.AR1",25,6.7763547777279,3.21540621442328,1.20837898743022,TRUE,0.6118,,""
"R1","completa","F4_BENCH_G3_R1","G3",1,"yoy_pp","BENCH.ARP_BIC",25,7.29070171814391,4.10542237309804,1.30009880663014,TRUE,0.5308,,""
"R1","completa","F4_BENCH_G3_R1","G3",1,"yoy_pp","BENCH.ETS",25,6.84418703949886,3.48010647409029,1.22047503058063,TRUE,0.6118,,""
"R1","completa","F4_BENCH_G3_R1","G3",1,"yoy_pp","BENCH.MEDIA_CRECIMIENTO",25,7.63270511775288,4.17130446751304,1.36108583214355,TRUE,0.6118,,""
"R1","completa","F4_BENCH_G3_R1","G3",1,"yoy_pp","BENCH.RW_CON_DERIVA",25,5.59043915758015,2.59624990242745,0.996903118285674,TRUE,1,,""
"R1","completa","F4_BENCH_G3_R1","G3",1,"yoy_pp","BENCH.RW_SIN_DERIVA",25,5.60780586903345,2.83142860368453,1,TRUE,0.8008,,""
"R1","completa","F4_BENCH_G3_R1","G3",2,"yoy_pp","BENCH.AR1",24,8.51361170961791,4.24437194234106,1.16802557689536,TRUE,0.7122,,""
"R1","completa","F4_BENCH_G3_R1","G3",2,"yoy_pp","BENCH.ARP_BIC",24,8.58325528744129,5.10095806949589,1.17758033261347,TRUE,0.6484,,""
"R1","completa","F4_BENCH_G3_R1","G3",2,"yoy_pp","BENCH.ETS",24,9.68376745210927,4.89622145936112,1.32856517898184,TRUE,0.6484,,""
"R1","completa","F4_BENCH_G3_R1","G3",2,"yoy_pp","BENCH.MEDIA_CRECIMIENTO",24,7.81359795727099,4.28012111346531,1.07198713929596,TRUE,0.7126,,""
"R1","completa","F4_BENCH_G3_R1","G3",2,"yoy_pp","BENCH.RW_CON_DERIVA",24,7.2078501092285,3.67899506437027,0.988881519284693,TRUE,1,,""
"R1","completa","F4_BENCH_G3_R1","G3",2,"yoy_pp","BENCH.RW_SIN_DERIVA",24,7.28889150890624,4.24401998730935,1,TRUE,0.7126,,""
"R1","completa","F4_BENCH_G3_R1","G3",4,"yoy_pp","BENCH.AR1",22,8.03761855168509,3.75906403466354,1.17289501216228,TRUE,0.5254,"distorsion_tamano_documentada",""
"R1","completa","F4_BENCH_G3_R1","G3",4,"yoy_pp","BENCH.ARP_BIC",22,6.93622683027682,3.950296512555,1.01217366812615,TRUE,0.5254,"distorsion_tamano_documentada",""
"R1","completa","F4_BENCH_G3_R1","G3",4,"yoy_pp","BENCH.ETS",22,12.4606744059347,5.0813870204626,1.81833247807399,TRUE,0.511,"distorsion_tamano_documentada",""
"R1","completa","F4_BENCH_G3_R1","G3",4,"yoy_pp","BENCH.MEDIA_CRECIMIENTO",22,5.85794868611777,3.0940680437874,0.854825188738233,TRUE,1,"distorsion_tamano_documentada",""
"R1","completa","F4_BENCH_G3_R1","G3",4,"yoy_pp","BENCH.RW_CON_DERIVA",22,5.97615159822997,3.08954208441268,0.872074029940133,TRUE,0.5254,"distorsion_tamano_documentada",""
"R1","completa","F4_BENCH_G3_R1","G3",4,"yoy_pp","BENCH.RW_SIN_DERIVA",22,6.85280307984888,4.69689099790979,1,TRUE,0.5254,"distorsion_tamano_documentada",""
"R1","completa","F4_BENCH_G3_R1","G3",8,"yoy_pp","BENCH.AR1",18,1.98019177471989,1.68228457890069,0.547205113445538,TRUE,0.4156,"distorsion_tamano_documentada",""
"R1","completa","F4_BENCH_G3_R1","G3",8,"yoy_pp","BENCH.ARP_BIC",18,2.41539630813168,2.01571638943052,0.667469296499878,TRUE,0.41,"distorsion_tamano_documentada",""
"R1","completa","F4_BENCH_G3_R1","G3",8,"yoy_pp","BENCH.ETS",18,8.04244569771431,3.37735797272297,2.22244505132331,TRUE,0.41,"distorsion_tamano_documentada",""
"R1","completa","F4_BENCH_G3_R1","G3",8,"yoy_pp","BENCH.MEDIA_CRECIMIENTO",18,1.91973821506436,1.59692648848914,0.530499409790059,TRUE,1,"distorsion_tamano_documentada",""
"R1","completa","F4_BENCH_G3_R1","G3",8,"yoy_pp","BENCH.RW_CON_DERIVA",18,1.95172021637967,1.63875436076496,0.539337298564965,TRUE,0.4156,"distorsion_tamano_documentada",""
"R1","completa","F4_BENCH_G3_R1","G3",8,"yoy_pp","BENCH.RW_SIN_DERIVA",18,3.6187377019403,3.37561056584571,1,TRUE,0.41,"distorsion_tamano_documentada",""
"R2","completa","F4_BENCH_G2_R2","G2",1,"yoy_pp","BENCH.AR1",45,5.65343156316193,2.20832056933113,1.32564932505767,TRUE,0.7508,,""
"R2","completa","F4_BENCH_G2_R2","G2",1,"yoy_pp","BENCH.ARP_BIC",45,5.27316618847326,2.392507188302,1.23648250103815,TRUE,0.7508,,""
"R2","completa","F4_BENCH_G2_R2","G2",1,"yoy_pp","BENCH.ETS",45,5.3287375711246,2.28583745863567,1.24951320019515,TRUE,0.7508,,""
"R2","completa","F4_BENCH_G2_R2","G2",1,"yoy_pp","BENCH.MEDIA_CRECIMIENTO",45,5.70857665370662,2.55170479952014,1.33858006477638,TRUE,0.7508,,""
"R2","completa","F4_BENCH_G2_R2","G2",1,"yoy_pp","BENCH.RW_CON_DERIVA",45,4.241073242003,1.75306680716025,0.994471378660675,TRUE,1,,""
"R2","completa","F4_BENCH_G2_R2","G2",1,"yoy_pp","BENCH.RW_SIN_DERIVA",45,4.2646508818733,2.00620221852723,1,TRUE,0.7508,,""
"R2","completa","F4_BENCH_G2_R2","G2",2,"yoy_pp","BENCH.AR1",44,7.46421866065818,2.88272167349919,1.36149407185788,TRUE,0.6466,,""
"R2","completa","F4_BENCH_G2_R2","G2",2,"yoy_pp","BENCH.ARP_BIC",44,6.16562246138462,2.92411055836817,1.12462654326216,TRUE,0.6466,,""
"R2","completa","F4_BENCH_G2_R2","G2",2,"yoy_pp","BENCH.ETS",44,7.58872317124177,3.08324646873929,1.38420403800243,TRUE,0.579,,""
"R2","completa","F4_BENCH_G2_R2","G2",2,"yoy_pp","BENCH.MEDIA_CRECIMIENTO",44,5.81988090466241,2.63719999757825,1.06156232967565,TRUE,0.7422,,""
"R2","completa","F4_BENCH_G2_R2","G2",2,"yoy_pp","BENCH.RW_CON_DERIVA",44,5.39948360332714,2.34640325021328,0.984880702352772,TRUE,1,,""
"R2","completa","F4_BENCH_G2_R2","G2",2,"yoy_pp","BENCH.RW_SIN_DERIVA",44,5.48237323609688,2.9404891536599,1,TRUE,0.7422,,""
"R2","completa","F4_BENCH_G2_R2","G2",4,"yoy_pp","BENCH.AR1",42,8.96671091580254,3.44068477410179,1.40355522165359,TRUE,0.532,"distorsion_tamano_documentada",""
"R2","completa","F4_BENCH_G2_R2","G2",4,"yoy_pp","BENCH.ARP_BIC",42,6.5415955927267,3.11798541560674,1.02395301223959,TRUE,0.5502,"distorsion_tamano_documentada",""
"R2","completa","F4_BENCH_G2_R2","G2",4,"yoy_pp","BENCH.ETS",42,10.8187162889159,3.91769935140893,1.69344878868971,TRUE,0.529,"distorsion_tamano_documentada",""
"R2","completa","F4_BENCH_G2_R2","G2",4,"yoy_pp","BENCH.MEDIA_CRECIMIENTO",42,5.94804530895659,2.73894453309491,0.931044853615753,TRUE,1,"distorsion_tamano_documentada",""
"R2","completa","F4_BENCH_G2_R2","G2",4,"yoy_pp","BENCH.RW_CON_DERIVA",42,6.04639797724991,2.73370144275588,0.946439952492352,TRUE,0.5502,"distorsion_tamano_documentada",""
"R2","completa","F4_BENCH_G2_R2","G2",4,"yoy_pp","BENCH.RW_SIN_DERIVA",42,6.38857009504655,4.1996248685852,1,TRUE,0.5502,"distorsion_tamano_documentada",""
"R2","completa","F4_BENCH_G2_R2","G2",8,"yoy_pp","BENCH.AR1",38,6.22032355175061,3.02660258736522,0.934269836977626,TRUE,0.4996,"distorsion_tamano_documentada",""
"R2","completa","F4_BENCH_G2_R2","G2",8,"yoy_pp","BENCH.ARP_BIC",38,6.17227398278791,2.98704898028673,0.927052967535362,TRUE,0.4996,"distorsion_tamano_documentada",""
"R2","completa","F4_BENCH_G2_R2","G2",8,"yoy_pp","BENCH.ETS",38,8.89618682213594,3.90481718433307,1.33617470906322,TRUE,0.4992,"distorsion_tamano_documentada",""
"R2","completa","F4_BENCH_G2_R2","G2",8,"yoy_pp","BENCH.MEDIA_CRECIMIENTO",38,6.1579800790247,2.88568607730701,0.924906075492282,TRUE,0.7668,"distorsion_tamano_documentada",""
"R2","completa","F4_BENCH_G2_R2","G2",8,"yoy_pp","BENCH.RW_CON_DERIVA",38,6.15576467538323,2.89254025099279,0.924573329971614,TRUE,1,"distorsion_tamano_documentada",""
"R2","completa","F4_BENCH_G2_R2","G2",8,"yoy_pp","BENCH.RW_SIN_DERIVA",38,6.65795180959008,4.36906983698394,1,TRUE,0.4992,"distorsion_tamano_documentada",""
"R2","completa","F4_BENCH_G3_R2","G3",1,"yoy_pp","BENCH.AR1",25,7.5433831165591,3.45364288523002,1.33895900111071,TRUE,0.7878,,""
"R2","completa","F4_BENCH_G3_R2","G3",1,"yoy_pp","BENCH.ARP_BIC",25,7.0256431372476,3.7367476134935,1.24705957152821,TRUE,0.7878,,""
"R2","completa","F4_BENCH_G3_R2","G3",1,"yoy_pp","BENCH.ETS",25,7.10611960443495,3.59624439131234,1.26134423511391,TRUE,0.7878,,""
"R2","completa","F4_BENCH_G3_R2","G3",1,"yoy_pp","BENCH.MEDIA_CRECIMIENTO",25,7.63598280690195,4.14178407882898,1.3553955504638,TRUE,0.7878,,""
"R2","completa","F4_BENCH_G3_R2","G3",1,"yoy_pp","BENCH.RW_CON_DERIVA",25,5.63146177994086,2.60702516157412,0.99959081000545,TRUE,1,,""
"R2","completa","F4_BENCH_G3_R2","G3",1,"yoy_pp","BENCH.RW_SIN_DERIVA",25,5.63376706105386,2.86643438674383,1,TRUE,0.9754,,""
"R2","completa","F4_BENCH_G3_R2","G3",2,"yoy_pp","BENCH.AR1",24,10.0668536748568,4.6845922612118,1.38015039584943,TRUE,0.6364,,""
"R2","completa","F4_BENCH_G3_R2","G3",2,"yoy_pp","BENCH.ARP_BIC",24,8.29486546092315,4.71530907938562,1.13721349481855,TRUE,0.6364,,""
"R2","completa","F4_BENCH_G3_R2","G3",2,"yoy_pp","BENCH.ETS",24,10.2388715559956,5.06643527302368,1.40373378688846,TRUE,0.5636,,""
"R2","completa","F4_BENCH_G3_R2","G3",2,"yoy_pp","BENCH.MEDIA_CRECIMIENTO",24,7.83664749310414,4.25555068566911,1.07439250525254,TRUE,0.7178,,""
"R2","completa","F4_BENCH_G3_R2","G3",2,"yoy_pp","BENCH.RW_CON_DERIVA",24,7.25423379961224,3.6989714117445,0.99454446975078,TRUE,1,,""
"R2","completa","F4_BENCH_G3_R2","G3",2,"yoy_pp","BENCH.RW_SIN_DERIVA",24,7.29402658227043,4.24361390452076,1,TRUE,0.8026,,""
"R2","completa","F4_BENCH_G3_R2","G3",4,"yoy_pp","BENCH.AR1",22,10.9662425679993,4.41872701150338,1.60025648486037,TRUE,0.5006,"distorsion_tamano_documentada",""
"R2","completa","F4_BENCH_G3_R2","G3",4,"yoy_pp","BENCH.ARP_BIC",22,6.9367314328151,3.7719910007995,1.01224730259841,TRUE,0.5006,"distorsion_tamano_documentada",""
"R2","completa","F4_BENCH_G3_R2","G3",4,"yoy_pp","BENCH.ETS",22,13.7934186954768,5.35085632328058,2.01281410464534,TRUE,0.4986,"distorsion_tamano_documentada",""
"R2","completa","F4_BENCH_G3_R2","G3",4,"yoy_pp","BENCH.MEDIA_CRECIMIENTO",22,5.8456522224953,3.07002216254122,0.853030818831614,TRUE,1,"distorsion_tamano_documentada",""
"R2","completa","F4_BENCH_G3_R2","G3",4,"yoy_pp","BENCH.RW_CON_DERIVA",22,6.01985068925968,3.06167537706091,0.878450849837119,TRUE,0.5486,"distorsion_tamano_documentada",""
"R2","completa","F4_BENCH_G3_R2","G3",4,"yoy_pp","BENCH.RW_SIN_DERIVA",22,6.85280307984888,4.69689099790979,1,TRUE,0.5006,"distorsion_tamano_documentada",""
"R2","completa","F4_BENCH_G3_R2","G3",8,"yoy_pp","BENCH.AR1",18,2.24696798316164,1.82119386442775,0.620925905173192,TRUE,0.4186,"distorsion_tamano_documentada",""
"R2","completa","F4_BENCH_G3_R2","G3",8,"yoy_pp","BENCH.ARP_BIC",18,1.92452752303849,1.73091843735858,0.531822884539711,TRUE,0.4186,"distorsion_tamano_documentada",""
"R2","completa","F4_BENCH_G3_R2","G3",8,"yoy_pp","BENCH.ETS",18,9.50348746490815,3.68960228863544,2.62618853524879,TRUE,0.4186,"distorsion_tamano_documentada",""
"R2","completa","F4_BENCH_G3_R2","G3",8,"yoy_pp","BENCH.MEDIA_CRECIMIENTO",18,1.81530197841437,1.53257839359257,0.501639557197261,TRUE,0.8794,"distorsion_tamano_documentada",""
"R2","completa","F4_BENCH_G3_R2","G3",8,"yoy_pp","BENCH.RW_CON_DERIVA",18,1.81514267644272,1.55457040619936,0.501595535777428,TRUE,1,"distorsion_tamano_documentada",""
"R2","completa","F4_BENCH_G3_R2","G3",8,"yoy_pp","BENCH.RW_SIN_DERIVA",18,3.6187377019403,3.37561056584571,1,TRUE,0.4186,"distorsion_tamano_documentada",""
"R3","pre2020","F4_BENCH_G1","G1",1,"yoy_pp","BENCH.AR1",27,0.83882288519563,0.672920753018831,0.802484318168383,TRUE,1,,""
"R3","pre2020","F4_BENCH_G1","G1",1,"yoy_pp","BENCH.ARP_BIC",27,0.856898846376012,0.693977932428418,0.819777212340784,TRUE,0.968,,""
"R3","pre2020","F4_BENCH_G1","G1",1,"yoy_pp","BENCH.ETS",27,0.857913317344362,0.68424773484357,0.820747735508078,TRUE,0.968,,""
"R3","pre2020","F4_BENCH_G1","G1",1,"yoy_pp","BENCH.MEDIA_CRECIMIENTO",27,0.865285539231503,0.666968514617932,0.827800586066761,TRUE,0.968,,""
"R3","pre2020","F4_BENCH_G1","G1",1,"yoy_pp","BENCH.RW_CON_DERIVA",27,0.856898846376012,0.693977932428418,0.819777212340784,TRUE,0.968,,""
"R3","pre2020","F4_BENCH_G1","G1",1,"yoy_pp","BENCH.RW_SIN_DERIVA",27,1.04528258833791,0.802685055898968,1,FALSE,0.0738,,""
"R3","pre2020","F4_BENCH_G1","G1",2,"yoy_pp","BENCH.AR1",26,0.842201544903327,0.644687107711378,0.569821856350754,TRUE,1,,""
"R3","pre2020","F4_BENCH_G1","G1",2,"yoy_pp","BENCH.ARP_BIC",26,0.858278523786426,0.661121540522636,0.580699316748587,TRUE,0.7886,,""
"R3","pre2020","F4_BENCH_G1","G1",2,"yoy_pp","BENCH.ETS",26,0.896294604536421,0.71498038145664,0.606420468455366,TRUE,0.3092,,""
"R3","pre2020","F4_BENCH_G1","G1",2,"yoy_pp","BENCH.MEDIA_CRECIMIENTO",26,0.84906733350672,0.645981264676068,0.574467153466359,TRUE,0.9358,,""
"R3","pre2020","F4_BENCH_G1","G1",2,"yoy_pp","BENCH.RW_CON_DERIVA",26,0.858278523786425,0.661121540522643,0.580699316748586,TRUE,0.7886,,""
"R3","pre2020","F4_BENCH_G1","G1",2,"yoy_pp","BENCH.RW_SIN_DERIVA",26,1.47800849601829,1.32738378125049,1,FALSE,0.0016,,""
"R3","pre2020","F4_BENCH_G1","G1",4,"yoy_pp","BENCH.AR1",24,0.856749284720281,0.635541789414351,0.354913541659753,TRUE,1,"distorsion_tamano_documentada",""
"R3","pre2020","F4_BENCH_G1","G1",4,"yoy_pp","BENCH.ARP_BIC",24,0.892967845756471,0.6592646885616,0.36991729830178,TRUE,0.5692,"distorsion_tamano_documentada",""
"R3","pre2020","F4_BENCH_G1","G1",4,"yoy_pp","BENCH.ETS",24,0.897246021552471,0.711257359094482,0.371689558344107,TRUE,0.5692,"distorsion_tamano_documentada",""
"R3","pre2020","F4_BENCH_G1","G1",4,"yoy_pp","BENCH.MEDIA_CRECIMIENTO",24,0.863435945266035,0.647020915263082,0.357683530988597,TRUE,0.5692,"distorsion_tamano_documentada",""
"R3","pre2020","F4_BENCH_G1","G1",4,"yoy_pp","BENCH.RW_CON_DERIVA",24,0.892967845756492,0.659264688561597,0.369917298301789,TRUE,0.5692,"distorsion_tamano_documentada",""
"R3","pre2020","F4_BENCH_G1","G1",4,"yoy_pp","BENCH.RW_SIN_DERIVA",24,2.41396617529355,2.26652317120155,1,FALSE,0,"distorsion_tamano_documentada",""
"R3","pre2020","F4_BENCH_G1","G1",8,"yoy_pp","BENCH.AR1",20,0.618045196552384,0.49447981147051,0.252120165964887,TRUE,1,"distorsion_tamano_documentada",""
"R3","pre2020","F4_BENCH_G1","G1",8,"yoy_pp","BENCH.ARP_BIC",20,0.633928651917395,0.493359468370826,0.258599529327083,TRUE,0.5748,"distorsion_tamano_documentada",""
"R3","pre2020","F4_BENCH_G1","G1",8,"yoy_pp","BENCH.ETS",20,0.657244742892108,0.55190974443506,0.268110899626518,TRUE,0.5748,"distorsion_tamano_documentada",""
"R3","pre2020","F4_BENCH_G1","G1",8,"yoy_pp","BENCH.MEDIA_CRECIMIENTO",20,0.618382797205347,0.496454572128764,0.252257883939446,TRUE,0.8322,"distorsion_tamano_documentada",""
"R3","pre2020","F4_BENCH_G1","G1",8,"yoy_pp","BENCH.RW_CON_DERIVA",20,0.633928651917399,0.493359468370804,0.258599529327084,TRUE,0.5748,"distorsion_tamano_documentada",""
"R3","pre2020","F4_BENCH_G1","G1",8,"yoy_pp","BENCH.RW_SIN_DERIVA",20,2.45139136009636,2.37421012414897,1,FALSE,0,"distorsion_tamano_documentada",""
"R3","post2020","F4_BENCH_G1","G1",1,"yoy_pp","BENCH.AR1",25,6.36764557377701,3.00867205660116,1.13549679188066,TRUE,0.5722,,""
"R3","post2020","F4_BENCH_G1","G1",1,"yoy_pp","BENCH.ARP_BIC",25,6.47911917179959,3.38894560376771,1.15537508307439,TRUE,0.5722,,""
"R3","post2020","F4_BENCH_G1","G1",1,"yoy_pp","BENCH.ETS",25,5.98894953541537,2.98240090273861,1.0679666299589,TRUE,0.5722,,""
"R3","post2020","F4_BENCH_G1","G1",1,"yoy_pp","BENCH.MEDIA_CRECIMIENTO",25,7.59521567299907,4.06433451931012,1.35440060700749,TRUE,0.5722,,""
"R3","post2020","F4_BENCH_G1","G1",1,"yoy_pp","BENCH.RW_CON_DERIVA",25,5.58098063009549,2.55863610861805,0.99521644658099,TRUE,1,,""
"R3","post2020","F4_BENCH_G1","G1",1,"yoy_pp","BENCH.RW_SIN_DERIVA",25,5.60780586903345,2.83142860368453,1,TRUE,0.762,,""
"R3","post2020","F4_BENCH_G1","G1",2,"yoy_pp","BENCH.AR1",25,7.81001649458164,3.95991241314305,1.09187052692634,TRUE,0.7878,,""
"R3","post2020","F4_BENCH_G1","G1",2,"yoy_pp","BENCH.ARP_BIC",25,7.77247479013742,4.34195570641436,1.08662205137681,TRUE,0.3316,,""
"R3","post2020","F4_BENCH_G1","G1",2,"yoy_pp","BENCH.ETS",25,7.67537590580925,4.06955971358128,1.07304725162204,TRUE,0.7878,,""
"R3","post2020","F4_BENCH_G1","G1",2,"yoy_pp","BENCH.MEDIA_CRECIMIENTO",25,7.62596734456208,4.09069394635717,1.06613974357247,TRUE,0.7878,,""
"R3","post2020","F4_BENCH_G1","G1",2,"yoy_pp","BENCH.RW_CON_DERIVA",25,7.06591355017595,3.58100115962812,0.987842055980168,TRUE,1,,""
"R3","post2020","F4_BENCH_G1","G1",2,"yoy_pp","BENCH.RW_SIN_DERIVA",25,7.15287783851735,4.15446879354878,1,TRUE,0.7878,,""
"R3","post2020","F4_BENCH_G1","G1",4,"yoy_pp","BENCH.AR1",25,8.51277170910058,4.48602066408496,1.06136313505505,TRUE,0.5678,"distorsion_tamano_documentada",""
"R3","post2020","F4_BENCH_G1","G1",4,"yoy_pp","BENCH.ARP_BIC",25,8.20840669529555,4.66592773228208,1.0234152355586,TRUE,0.5678,"distorsion_tamano_documentada",""
"R3","post2020","F4_BENCH_G1","G1",4,"yoy_pp","BENCH.ETS",25,8.70197882626354,4.69293287623555,1.08495327301589,TRUE,0.5064,"distorsion_tamano_documentada",""
"R3","post2020","F4_BENCH_G1","G1",4,"yoy_pp","BENCH.MEDIA_CRECIMIENTO",25,7.62146634621725,4.10683404813778,0.950236150029727,TRUE,1,"distorsion_tamano_documentada",""
"R3","post2020","F4_BENCH_G1","G1",4,"yoy_pp","BENCH.RW_CON_DERIVA",25,7.68755690098195,4.099313867847,0.958476248648559,TRUE,0.5678,"distorsion_tamano_documentada",""
"R3","post2020","F4_BENCH_G1","G1",4,"yoy_pp","BENCH.RW_SIN_DERIVA",25,8.02060240075987,5.40140691423199,1,TRUE,0.5678,"distorsion_tamano_documentada",""
"R3","post2020","F4_BENCH_G1","G1",8,"yoy_pp","BENCH.AR1",25,7.56999633130588,4.10145341560015,0.943818924447458,TRUE,0.7914,"distorsion_tamano_documentada",""
"R3","post2020","F4_BENCH_G1","G1",8,"yoy_pp","BENCH.ARP_BIC",25,7.56457838517613,4.04658261406664,0.943143420805831,TRUE,1,"distorsion_tamano_documentada",""
"R3","post2020","F4_BENCH_G1","G1",8,"yoy_pp","BENCH.ETS",25,7.68593744506052,4.36050015334289,0.958274336642389,TRUE,0.4256,"distorsion_tamano_documentada",""
"R3","post2020","F4_BENCH_G1","G1",8,"yoy_pp","BENCH.MEDIA_CRECIMIENTO",25,7.56793185401434,4.05165991408014,0.943561527659987,TRUE,0.8342,"distorsion_tamano_documentada",""
"R3","post2020","F4_BENCH_G1","G1",8,"yoy_pp","BENCH.RW_CON_DERIVA",25,7.5668395793457,4.07102305434498,0.943425344040095,TRUE,0.8342,"distorsion_tamano_documentada",""
"R3","post2020","F4_BENCH_G1","G1",8,"yoy_pp","BENCH.RW_SIN_DERIVA",25,8.02060240075987,5.40140691423199,1,TRUE,0.4202,"distorsion_tamano_documentada",""
"R3","pre2020","F4_BENCH_G2","G2",1,"yoy_pp","BENCH.AR1",20,0.766032382761696,0.617305156180992,0.73683259163786,FALSE,0.0554,,""
"R3","pre2020","F4_BENCH_G2","G2",1,"yoy_pp","BENCH.ARP_BIC",20,0.792533303060835,0.641369929510067,0.762323344018856,FALSE,0.0254,,""
"R3","pre2020","F4_BENCH_G2","G2",1,"yoy_pp","BENCH.ETS",20,0.790803840371977,0.633977282216711,0.760659805369775,FALSE,0.035,,""
"R3","pre2020","F4_BENCH_G2","G2",1,"yoy_pp","BENCH.MEDIA_CRECIMIENTO",20,0.619924832506948,0.500282734037865,0.596294401171367,TRUE,1,,""
"R3","pre2020","F4_BENCH_G2","G2",1,"yoy_pp","BENCH.RW_CON_DERIVA",20,0.792533303060835,0.641369929510067,0.762323344018856,FALSE,0.0254,,""
"R3","pre2020","F4_BENCH_G2","G2",1,"yoy_pp","BENCH.RW_SIN_DERIVA",20,1.03962879961503,0.824122327460062,1,FALSE,0.003,,""
"R3","pre2020","F4_BENCH_G2","G2",2,"yoy_pp","BENCH.AR1",19,0.588675834978043,0.475688241197003,0.421244223613516,TRUE,1,,""
"R3","pre2020","F4_BENCH_G2","G2",2,"yoy_pp","BENCH.ARP_BIC",19,0.608531647471011,0.48970312218576,0.435452631400677,TRUE,0.8982,,""
"R3","pre2020","F4_BENCH_G2","G2",2,"yoy_pp","BENCH.ETS",19,0.652958893471127,0.553297134589534,0.467243847612743,TRUE,0.1374,,""
"R3","pre2020","F4_BENCH_G2","G2",2,"yoy_pp","BENCH.MEDIA_CRECIMIENTO",19,0.620962411792298,0.495670363937732,0.444347828645589,TRUE,0.8982,,""
"R3","pre2020","F4_BENCH_G2","G2",2,"yoy_pp","BENCH.RW_CON_DERIVA",19,0.608531647471007,0.48970312218576,0.435452631400674,TRUE,0.8982,,""
"R3","pre2020","F4_BENCH_G2","G2",2,"yoy_pp","BENCH.RW_SIN_DERIVA",19,1.39746921614323,1.27515763919989,1,FALSE,0,,""
"R3","pre2020","F4_BENCH_G2","G2",4,"yoy_pp","BENCH.AR1",17,0.545128991404364,0.428826966970811,0.218381526551453,TRUE,1,"distorsion_tamano_documentada","n_bajo_calibracion"
"R3","pre2020","F4_BENCH_G2","G2",4,"yoy_pp","BENCH.ARP_BIC",17,0.580118835284391,0.450361406992684,0.232398641107463,TRUE,0.306,"distorsion_tamano_documentada","n_bajo_calibracion"
"R3","pre2020","F4_BENCH_G2","G2",4,"yoy_pp","BENCH.ETS",17,0.619282251198031,0.492293035475038,0.248087710459942,TRUE,0.306,"distorsion_tamano_documentada","n_bajo_calibracion"
"R3","pre2020","F4_BENCH_G2","G2",4,"yoy_pp","BENCH.MEDIA_CRECIMIENTO",17,0.562979434941543,0.444674697647836,0.225532507641685,TRUE,0.306,"distorsion_tamano_documentada","n_bajo_calibracion"
"R3","pre2020","F4_BENCH_G2","G2",4,"yoy_pp","BENCH.RW_CON_DERIVA",17,0.580118835284361,0.450361406992658,0.232398641107451,TRUE,0.306,"distorsion_tamano_documentada","n_bajo_calibracion"
"R3","pre2020","F4_BENCH_G2","G2",4,"yoy_pp","BENCH.RW_SIN_DERIVA",17,2.49622300939419,2.43229833086933,1,FALSE,0,"distorsion_tamano_documentada","n_bajo_calibracion"
"R3","pre2020","F4_BENCH_G2","G2",8,"yoy_pp","BENCH.AR1",13,0.438997953610312,0.359768895719386,0.181295230816476,FALSE,0.0824,"distorsion_tamano_documentada","n_bajo_calibracion"
"R3","pre2020","F4_BENCH_G2","G2",8,"yoy_pp","BENCH.ARP_BIC",13,0.457666236449298,0.353060928880785,0.189004767087449,FALSE,0.0824,"distorsion_tamano_documentada","n_bajo_calibracion"
"R3","pre2020","F4_BENCH_G2","G2",8,"yoy_pp","BENCH.ETS",13,0.524082349626449,0.444965259192622,0.216432969131126,FALSE,0.0824,"distorsion_tamano_documentada","n_bajo_calibracion"
"R3","pre2020","F4_BENCH_G2","G2",8,"yoy_pp","BENCH.MEDIA_CRECIMIENTO",13,0.432961705278703,0.355824377610161,0.178802410461519,TRUE,1,"distorsion_tamano_documentada","n_bajo_calibracion"
"R3","pre2020","F4_BENCH_G2","G2",8,"yoy_pp","BENCH.RW_CON_DERIVA",13,0.457666236449289,0.353060928880758,0.189004767087445,FALSE,0.0824,"distorsion_tamano_documentada","n_bajo_calibracion"
"R3","pre2020","F4_BENCH_G2","G2",8,"yoy_pp","BENCH.RW_SIN_DERIVA",13,2.4214534030115,2.38380622689152,1,FALSE,0,"distorsion_tamano_documentada","n_bajo_calibracion"
"R3","post2020","F4_BENCH_G2","G2",1,"yoy_pp","BENCH.AR1",25,6.36764557377701,3.00867205660116,1.13549679188066,TRUE,0.5578,,""
"R3","post2020","F4_BENCH_G2","G2",1,"yoy_pp","BENCH.ARP_BIC",25,6.47911917179959,3.38894560376771,1.15537508307439,TRUE,0.5578,,""
"R3","post2020","F4_BENCH_G2","G2",1,"yoy_pp","BENCH.ETS",25,5.98894953541537,2.98240090273861,1.0679666299589,TRUE,0.5578,,""
"R3","post2020","F4_BENCH_G2","G2",1,"yoy_pp","BENCH.MEDIA_CRECIMIENTO",25,7.59521567299907,4.06433451931012,1.35440060700749,TRUE,0.5578,,""
"R3","post2020","F4_BENCH_G2","G2",1,"yoy_pp","BENCH.RW_CON_DERIVA",25,5.58098063009549,2.55863610861805,0.99521644658099,TRUE,1,,""
"R3","post2020","F4_BENCH_G2","G2",1,"yoy_pp","BENCH.RW_SIN_DERIVA",25,5.60780586903345,2.83142860368453,1,TRUE,0.7716,,""
"R3","post2020","F4_BENCH_G2","G2",2,"yoy_pp","BENCH.AR1",25,7.81001649458164,3.95991241314305,1.09187052692634,TRUE,0.7904,,""
"R3","post2020","F4_BENCH_G2","G2",2,"yoy_pp","BENCH.ARP_BIC",25,7.77247479013742,4.34195570641436,1.08662205137681,TRUE,0.3336,,""
"R3","post2020","F4_BENCH_G2","G2",2,"yoy_pp","BENCH.ETS",25,7.67537590580925,4.06955971358128,1.07304725162204,TRUE,0.7904,,""
"R3","post2020","F4_BENCH_G2","G2",2,"yoy_pp","BENCH.MEDIA_CRECIMIENTO",25,7.62596734456208,4.09069394635717,1.06613974357247,TRUE,0.7904,,""
"R3","post2020","F4_BENCH_G2","G2",2,"yoy_pp","BENCH.RW_CON_DERIVA",25,7.06591355017595,3.58100115962812,0.987842055980168,TRUE,1,,""
"R3","post2020","F4_BENCH_G2","G2",2,"yoy_pp","BENCH.RW_SIN_DERIVA",25,7.15287783851735,4.15446879354878,1,TRUE,0.7904,,""
"R3","post2020","F4_BENCH_G2","G2",4,"yoy_pp","BENCH.AR1",25,8.51277170910058,4.48602066408496,1.06136313505505,TRUE,0.5498,"distorsion_tamano_documentada",""
"R3","post2020","F4_BENCH_G2","G2",4,"yoy_pp","BENCH.ARP_BIC",25,8.20840669529555,4.66592773228208,1.0234152355586,TRUE,0.5498,"distorsion_tamano_documentada",""
"R3","post2020","F4_BENCH_G2","G2",4,"yoy_pp","BENCH.ETS",25,8.70197882626354,4.69293287623555,1.08495327301589,TRUE,0.5106,"distorsion_tamano_documentada",""
"R3","post2020","F4_BENCH_G2","G2",4,"yoy_pp","BENCH.MEDIA_CRECIMIENTO",25,7.62146634621725,4.10683404813778,0.950236150029727,TRUE,1,"distorsion_tamano_documentada",""
"R3","post2020","F4_BENCH_G2","G2",4,"yoy_pp","BENCH.RW_CON_DERIVA",25,7.68755690098195,4.099313867847,0.958476248648559,TRUE,0.5498,"distorsion_tamano_documentada",""
"R3","post2020","F4_BENCH_G2","G2",4,"yoy_pp","BENCH.RW_SIN_DERIVA",25,8.02060240075987,5.40140691423199,1,TRUE,0.5498,"distorsion_tamano_documentada",""
"R3","post2020","F4_BENCH_G2","G2",8,"yoy_pp","BENCH.AR1",25,7.56999633130588,4.10145341560015,0.943818924447458,TRUE,0.7926,"distorsion_tamano_documentada",""
"R3","post2020","F4_BENCH_G2","G2",8,"yoy_pp","BENCH.ARP_BIC",25,7.56457838517613,4.04658261406664,0.943143420805831,TRUE,1,"distorsion_tamano_documentada",""
"R3","post2020","F4_BENCH_G2","G2",8,"yoy_pp","BENCH.ETS",25,7.68593744506052,4.36050015334289,0.958274336642389,TRUE,0.4288,"distorsion_tamano_documentada",""
"R3","post2020","F4_BENCH_G2","G2",8,"yoy_pp","BENCH.MEDIA_CRECIMIENTO",25,7.56793185401434,4.05165991408014,0.943561527659987,TRUE,0.8432,"distorsion_tamano_documentada",""
"R3","post2020","F4_BENCH_G2","G2",8,"yoy_pp","BENCH.RW_CON_DERIVA",25,7.5668395793457,4.07102305434498,0.943425344040095,TRUE,0.8432,"distorsion_tamano_documentada",""
"R3","post2020","F4_BENCH_G2","G2",8,"yoy_pp","BENCH.RW_SIN_DERIVA",25,8.02060240075987,5.40140691423199,1,TRUE,0.4128,"distorsion_tamano_documentada",""
"R4","sin_2020","F4_BENCH_G1","G1",1,"yoy_pp","BENCH.AR1",48,1.10172390387974,0.795242129360411,0.865325207845666,TRUE,0.59,,""
"R4","sin_2020","F4_BENCH_G1","G1",1,"yoy_pp","BENCH.ARP_BIC",48,2.1156059999323,1.08436865001866,1.66165696792468,TRUE,0.5112,,""
"R4","sin_2020","F4_BENCH_G1","G1",1,"yoy_pp","BENCH.ETS",48,1.35690394626572,0.907743086131182,1.06575085209112,TRUE,0.5324,,""
"R4","sin_2020","F4_BENCH_G1","G1",1,"yoy_pp","BENCH.MEDIA_CRECIMIENTO",48,3.81874203581335,1.59021909199438,2.99934832512254,TRUE,0.4628,,""
"R4","sin_2020","F4_BENCH_G1","G1",1,"yoy_pp","BENCH.RW_CON_DERIVA",48,1.00693650363638,0.770565550898998,0.790876494762568,TRUE,1,,""
"R4","sin_2020","F4_BENCH_G1","G1",1,"yoy_pp","BENCH.RW_SIN_DERIVA",48,1.27319058070967,0.979658694994934,1,TRUE,0.5324,,""
"R4","sin_2020","F4_BENCH_G1","G1",2,"yoy_pp","BENCH.AR1",47,2.25119483452808,1.1516096171245,0.931235747435509,TRUE,0.5322,,""
"R4","sin_2020","F4_BENCH_G1","G1",2,"yoy_pp","BENCH.ARP_BIC",47,2.96782204640637,1.45582370055343,1.22767782657079,TRUE,0.5322,,""
"R4","sin_2020","F4_BENCH_G1","G1",2,"yoy_pp","BENCH.ETS",47,2.3467759050342,1.28178750952169,0.970774088705786,TRUE,0.5322,,""
"R4","sin_2020","F4_BENCH_G1","G1",2,"yoy_pp","BENCH.MEDIA_CRECIMIENTO",47,3.86879333860176,1.60533019535485,1.60037620959697,TRUE,0.5322,,""
"R4","sin_2020","F4_BENCH_G1","G1",2,"yoy_pp","BENCH.RW_CON_DERIVA",47,1.79756768428385,1.05106064375224,0.743587032257431,TRUE,1,,""
"R4","sin_2020","F4_BENCH_G1","G1",2,"yoy_pp","BENCH.RW_SIN_DERIVA",47,2.41742742450292,1.78626505271461,1,TRUE,0.5322,,""
"R4","sin_2020","F4_BENCH_G1","G1",4,"yoy_pp","BENCH.AR1",45,4.8467652117917,1.85630581177766,0.951557953141697,TRUE,0.4716,"distorsion_tamano_documentada",""
"R4","sin_2020","F4_BENCH_G1","G1",4,"yoy_pp","BENCH.ARP_BIC",45,4.53715817311134,1.96321342655124,0.89077327983254,TRUE,0.4716,"distorsion_tamano_documentada",""
"R4","sin_2020","F4_BENCH_G1","G1",4,"yoy_pp","BENCH.ETS",45,5.05165865877896,2.0132209996648,0.991784368185076,TRUE,0.4584,"distorsion_tamano_documentada",""
"R4","sin_2020","F4_BENCH_G1","G1",4,"yoy_pp","BENCH.MEDIA_CRECIMIENTO",45,3.9392884494828,1.65186335595965,0.773394437325939,TRUE,1,"distorsion_tamano_documentada",""
"R4","sin_2020","F4_BENCH_G1","G1",4,"yoy_pp","BENCH.RW_CON_DERIVA",45,3.99826617621511,1.64842794630953,0.784973443627671,TRUE,0.4716,"distorsion_tamano_documentada",""
"R4","sin_2020","F4_BENCH_G1","G1",4,"yoy_pp","BENCH.RW_SIN_DERIVA",45,5.09350502067631,3.45284605148961,1,FALSE,0.001,"distorsion_tamano_documentada",""
"R4","sin_2020","F4_BENCH_G1","G1",8,"yoy_pp","BENCH.AR1",41,4.03841028402696,1.67146844665643,0.763253128798073,TRUE,0.2422,"distorsion_tamano_documentada",""
"R4","sin_2020","F4_BENCH_G1","G1",8,"yoy_pp","BENCH.ARP_BIC",41,4.01667288561765,1.63125438380127,0.759144795027862,TRUE,1,"distorsion_tamano_documentada",""
"R4","sin_2020","F4_BENCH_G1","G1",8,"yoy_pp","BENCH.ETS",41,4.20194201520696,1.85994182433391,0.794160366226271,TRUE,0.2422,"distorsion_tamano_documentada",""
"R4","sin_2020","F4_BENCH_G1","G1",8,"yoy_pp","BENCH.MEDIA_CRECIMIENTO",41,4.03374738207603,1.64200678546156,0.762371847736214,TRUE,0.2422,"distorsion_tamano_documentada",""
"R4","sin_2020","F4_BENCH_G1","G1",8,"yoy_pp","BENCH.RW_CON_DERIVA",41,4.01926907784285,1.64615709128804,0.759635471234457,TRUE,0.2974,"distorsion_tamano_documentada",""
"R4","sin_2020","F4_BENCH_G1","G1",8,"yoy_pp","BENCH.RW_SIN_DERIVA",41,5.29104976010569,3.62111509002864,1,FALSE,0.0034,"distorsion_tamano_documentada",""
"R4","sin_2020_2021","F4_BENCH_G1","G1",1,"yoy_pp","BENCH.AR1",44,0.895345060950204,0.706345144525003,0.777712731968205,TRUE,1,,""
"R4","sin_2020_2021","F4_BENCH_G1","G1",1,"yoy_pp","BENCH.ARP_BIC",44,0.915972941947721,0.721060871070988,0.795630478304203,TRUE,0.2742,,""
"R4","sin_2020_2021","F4_BENCH_G1","G1",1,"yoy_pp","BENCH.ETS",44,0.903094733848571,0.726974805925231,0.784444236440071,TRUE,0.524,,""
"R4","sin_2020_2021","F4_BENCH_G1","G1",1,"yoy_pp","BENCH.MEDIA_CRECIMIENTO",44,1.11373595377274,0.886864223819828,0.967410967097507,TRUE,0.1354,,""
"R4","sin_2020_2021","F4_BENCH_G1","G1",1,"yoy_pp","BENCH.RW_CON_DERIVA",44,0.915972941947721,0.721060871070988,0.795630478304203,TRUE,0.2742,,""
"R4","sin_2020_2021","F4_BENCH_G1","G1",1,"yoy_pp","BENCH.RW_SIN_DERIVA",44,1.15125421527342,0.894198322271669,1,FALSE,0.0012,,""
"R4","sin_2020_2021","F4_BENCH_G1","G1",2,"yoy_pp","BENCH.AR1",43,0.972534707186494,0.790300083930535,0.571634319885457,TRUE,1,,""
"R4","sin_2020_2021","F4_BENCH_G1","G1",2,"yoy_pp","BENCH.ARP_BIC",43,0.979293014107187,0.792799579981987,0.575606702723457,TRUE,0.3712,,""
"R4","sin_2020_2021","F4_BENCH_G1","G1",2,"yoy_pp","BENCH.ETS",43,1.00965490342036,0.838713866783974,0.593452747517256,TRUE,0.2126,,""
"R4","sin_2020_2021","F4_BENCH_G1","G1",2,"yoy_pp","BENCH.MEDIA_CRECIMIENTO",43,1.11494070962056,0.88150863796901,0.655337408060586,TRUE,0.1746,,""
"R4","sin_2020_2021","F4_BENCH_G1","G1",2,"yoy_pp","BENCH.RW_CON_DERIVA",43,0.979293014107196,0.792799579981999,0.575606702723463,TRUE,0.3712,,""
"R4","sin_2020_2021","F4_BENCH_G1","G1",2,"yoy_pp","BENCH.RW_SIN_DERIVA",43,1.70132315950059,1.48754120030651,1,FALSE,0,,""
"R4","sin_2020_2021","F4_BENCH_G1","G1",4,"yoy_pp","BENCH.AR1",41,1.13204580766964,0.887444261538375,0.392822930679618,TRUE,1,"distorsion_tamano_documentada",""
"R4","sin_2020_2021","F4_BENCH_G1","G1",4,"yoy_pp","BENCH.ARP_BIC",41,1.45805007959434,0.998057751682972,0.505947287171122,TRUE,0.3654,"distorsion_tamano_documentada",""
"R4","sin_2020_2021","F4_BENCH_G1","G1",4,"yoy_pp","BENCH.ETS",41,1.26258551692227,0.979406805162755,0.438120559813763,TRUE,0.4846,"distorsion_tamano_documentada",""
"R4","sin_2020_2021","F4_BENCH_G1","G1",4,"yoy_pp","BENCH.MEDIA_CRECIMIENTO",41,1.14724830601117,0.903831234677988,0.398098238367444,TRUE,0.4846,"distorsion_tamano_documentada",""
"R4","sin_2020_2021","F4_BENCH_G1","G1",4,"yoy_pp","BENCH.RW_CON_DERIVA",41,1.13423817915432,0.894237300565092,0.393583689463331,TRUE,0.9082,"distorsion_tamano_documentada",""
"R4","sin_2020_2021","F4_BENCH_G1","G1",4,"yoy_pp","BENCH.RW_SIN_DERIVA",41,2.88182211183829,2.66428701106699,1,FALSE,0,"distorsion_tamano_documentada",""
"R4","sin_2020_2021","F4_BENCH_G1","G1",8,"yoy_pp","BENCH.AR1",37,1.09053215063889,0.870659215970523,0.370338938565223,TRUE,0.3892,"distorsion_tamano_documentada",""
"R4","sin_2020_2021","F4_BENCH_G1","G1",8,"yoy_pp","BENCH.ARP_BIC",37,1.0559477883392,0.832740807099639,0.358594272424461,TRUE,1,"distorsion_tamano_documentada",""
"R4","sin_2020_2021","F4_BENCH_G1","G1",8,"yoy_pp","BENCH.ETS",37,1.57144567156543,1.07752647719321,0.53365462144285,TRUE,0.3892,"distorsion_tamano_documentada",""
"R4","sin_2020_2021","F4_BENCH_G1","G1",8,"yoy_pp","BENCH.MEDIA_CRECIMIENTO",37,1.07094936516717,0.837616725529943,0.363688728407274,TRUE,0.759,"distorsion_tamano_documentada",""
"R4","sin_2020_2021","F4_BENCH_G1","G1",8,"yoy_pp","BENCH.RW_CON_DERIVA",37,1.06683833123596,0.849254618098484,0.362292643072609,TRUE,0.759,"distorsion_tamano_documentada",""
"R4","sin_2020_2021","F4_BENCH_G1","G1",8,"yoy_pp","BENCH.RW_SIN_DERIVA",37,2.94468671013602,2.76549767102402,1,FALSE,0,"distorsion_tamano_documentada",""
"R4","sin_2020","F4_BENCH_G2","G2",1,"yoy_pp","BENCH.AR1",41,1.11530872509701,0.788996707351491,0.85402771789976,TRUE,0.5944,,""
"R4","sin_2020","F4_BENCH_G2","G2",1,"yoy_pp","BENCH.ARP_BIC",41,2.25006557353733,1.1253582833056,1.7229474885761,TRUE,0.5172,,""
"R4","sin_2020","F4_BENCH_G2","G2",1,"yoy_pp","BENCH.ETS",41,1.40566832978393,0.921378657020843,1.07636539443813,TRUE,0.582,,""
"R4","sin_2020","F4_BENCH_G2","G2",1,"yoy_pp","BENCH.MEDIA_CRECIMIENTO",41,4.09474582001728,1.66653710248301,3.13547841002029,TRUE,0.4736,,""
"R4","sin_2020","F4_BENCH_G2","G2",1,"yoy_pp","BENCH.RW_CON_DERIVA",41,1.00492631101548,0.757979045311852,0.769504357620194,TRUE,1,,""
"R4","sin_2020","F4_BENCH_G2","G2",1,"yoy_pp","BENCH.RW_SIN_DERIVA",41,1.30593972738941,1.02033091218746,1,TRUE,0.582,,""
"R4","sin_2020","F4_BENCH_G2","G2",2,"yoy_pp","BENCH.AR1",40,2.37872145615116,1.16004659467747,0.942161840567445,TRUE,0.5132,,""
"R4","sin_2020","F4_BENCH_G2","G2",2,"yoy_pp","BENCH.ARP_BIC",40,3.16961233346706,1.5134728298488,1.25541718315204,TRUE,0.5132,,""
"R4","sin_2020","F4_BENCH_G2","G2",2,"yoy_pp","BENCH.ETS",40,2.4802197106338,1.30417921467119,0.982363177302548,TRUE,0.5132,,""
"R4","sin_2020","F4_BENCH_G2","G2",2,"yoy_pp","BENCH.MEDIA_CRECIMIENTO",40,4.15950087874983,1.70181858037293,1.64749134188489,TRUE,0.5132,,""
"R4","sin_2020","F4_BENCH_G2","G2",2,"yoy_pp","BENCH.RW_CON_DERIVA",40,1.86917055240834,1.0378762381074,0.740339379979763,TRUE,1,,""
"R4","sin_2020","F4_BENCH_G2","G2",2,"yoy_pp","BENCH.RW_SIN_DERIVA",40,2.5247482478366,1.84176185774679,1,TRUE,0.5132,,""
"R4","sin_2020","F4_BENCH_G2","G2",4,"yoy_pp","BENCH.AR1",38,5.24288072991736,1.98870571111985,0.959935695596377,TRUE,0.4604,"distorsion_tamano_documentada",""
"R4","sin_2020","F4_BENCH_G2","G2",4,"yoy_pp","BENCH.ARP_BIC",38,4.90151678688116,2.10995777863692,0.897434286353916,TRUE,0.4604,"distorsion_tamano_documentada",""
"R4","sin_2020","F4_BENCH_G2","G2",4,"yoy_pp","BENCH.ETS",38,5.46656091416179,2.15509868341379,1.00089001142289,TRUE,0.4424,"distorsion_tamano_documentada",""
"R4","sin_2020","F4_BENCH_G2","G2",4,"yoy_pp","BENCH.MEDIA_CRECIMIENTO",38,4.24823575506496,1.7464426029443,0.777822986001811,TRUE,1,"distorsion_tamano_documentada",""
"R4","sin_2020","F4_BENCH_G2","G2",4,"yoy_pp","BENCH.RW_CON_DERIVA",38,4.31020729938803,1.73718549940331,0.789169553007904,TRUE,0.549,"distorsion_tamano_documentada",""
"R4","sin_2020","F4_BENCH_G2","G2",4,"yoy_pp","BENCH.RW_SIN_DERIVA",38,5.46169993882781,3.74554178507825,1,FALSE,8e-04,"distorsion_tamano_documentada",""
"R4","sin_2020","F4_BENCH_G2","G2",8,"yoy_pp","BENCH.AR1",34,4.41762783979092,1.86228252140752,0.775309611748236,TRUE,0.205,"distorsion_tamano_documentada",""
"R4","sin_2020","F4_BENCH_G2","G2",8,"yoy_pp","BENCH.ARP_BIC",34,4.3930618832751,1.81188330717311,0.770998197817676,TRUE,1,"distorsion_tamano_documentada",""
"R4","sin_2020","F4_BENCH_G2","G2",8,"yoy_pp","BENCH.ETS",34,4.59808202228323,2.08835200819098,0.806979971325897,TRUE,0.205,"distorsion_tamano_documentada",""
"R4","sin_2020","F4_BENCH_G2","G2",8,"yoy_pp","BENCH.MEDIA_CRECIMIENTO",34,4.41223171441723,1.82408540206709,0.774362572291736,TRUE,0.205,"distorsion_tamano_documentada",""
"R4","sin_2020","F4_BENCH_G2","G2",8,"yoy_pp","BENCH.RW_CON_DERIVA",34,4.39592434568534,1.82985421914246,0.771500570290055,TRUE,0.2824,"distorsion_tamano_documentada",""
"R4","sin_2020","F4_BENCH_G2","G2",8,"yoy_pp","BENCH.RW_SIN_DERIVA",34,5.69788865357888,3.88149991640543,1,FALSE,0.004,"distorsion_tamano_documentada",""
"R4","sin_2020_2021","F4_BENCH_G2","G2",1,"yoy_pp","BENCH.AR1",37,0.870081558533856,0.682606193275987,0.745252965586643,TRUE,1,,""
"R4","sin_2020_2021","F4_BENCH_G2","G2",1,"yoy_pp","BENCH.ARP_BIC",37,0.895227912655249,0.697747911939392,0.766791630323129,TRUE,0.2424,,""
"R4","sin_2020_2021","F4_BENCH_G2","G2",1,"yoy_pp","BENCH.ETS",37,0.877966424622578,0.707885088223459,0.75200660813686,TRUE,0.575,,""
"R4","sin_2020_2021","F4_BENCH_G2","G2",1,"yoy_pp","BENCH.MEDIA_CRECIMIENTO",37,1.06604425784397,0.838365692814745,0.913101348732833,TRUE,0.2424,,""
"R4","sin_2020_2021","F4_BENCH_G2","G2",1,"yoy_pp","BENCH.RW_CON_DERIVA",37,0.895227912655249,0.697747911939392,0.766791630323129,TRUE,0.2424,,""
"R4","sin_2020_2021","F4_BENCH_G2","G2",1,"yoy_pp","BENCH.RW_SIN_DERIVA",37,1.16749828408794,0.923099357294122,1,FALSE,0,,""
"R4","sin_2020_2021","F4_BENCH_G2","G2",2,"yoy_pp","BENCH.AR1",36,0.89462558236235,0.729419871979451,0.524409350219058,TRUE,1,,""
"R4","sin_2020_2021","F4_BENCH_G2","G2",2,"yoy_pp","BENCH.ARP_BIC",36,0.8993956094216,0.727932811310176,0.527205432557844,TRUE,0.5942,,""
"R4","sin_2020_2021","F4_BENCH_G2","G2",2,"yoy_pp","BENCH.ETS",36,0.928680913021599,0.777440330862205,0.544371817394828,TRUE,0.2956,,""
"R4","sin_2020_2021","F4_BENCH_G2","G2",2,"yoy_pp","BENCH.MEDIA_CRECIMIENTO",36,1.08057961632045,0.84797487405296,0.633411413250926,TRUE,0.214,,""
"R4","sin_2020_2021","F4_BENCH_G2","G2",2,"yoy_pp","BENCH.RW_CON_DERIVA",36,0.899395609421612,0.727932811310186,0.52720543255785,TRUE,0.5942,,""
"R4","sin_2020_2021","F4_BENCH_G2","G2",2,"yoy_pp","BENCH.RW_SIN_DERIVA",36,1.70596802285971,1.49111912348514,1,FALSE,0,,""
"R4","sin_2020_2021","F4_BENCH_G2","G2",4,"yoy_pp","BENCH.AR1",34,1.0843537997879,0.835949123989199,0.361111285959419,TRUE,0.6786,"distorsion_tamano_documentada",""
"R4","sin_2020_2021","F4_BENCH_G2","G2",4,"yoy_pp","BENCH.ARP_BIC",34,1.47275309744716,0.963357623894091,0.490455942538208,TRUE,0.4228,"distorsion_tamano_documentada",""
"R4","sin_2020_2021","F4_BENCH_G2","G2",4,"yoy_pp","BENCH.ETS",34,1.24330534493917,0.925131882249442,0.414045297797657,TRUE,0.4816,"distorsion_tamano_documentada",""
"R4","sin_2020_2021","F4_BENCH_G2","G2",4,"yoy_pp","BENCH.MEDIA_CRECIMIENTO",34,1.10425495103962,0.85553083869108,0.36773876337683,TRUE,0.4816,"distorsion_tamano_documentada",""
"R4","sin_2020_2021","F4_BENCH_G2","G2",4,"yoy_pp","BENCH.RW_CON_DERIVA",34,1.07553122354193,0.838162374016636,0.358173193379045,TRUE,1,"distorsion_tamano_documentada",""
"R4","sin_2020_2021","F4_BENCH_G2","G2",4,"yoy_pp","BENCH.RW_SIN_DERIVA",34,3.00282445315144,2.82906714616729,1,FALSE,0,"distorsion_tamano_documentada",""
"R4","sin_2020_2021","F4_BENCH_G2","G2",8,"yoy_pp","BENCH.AR1",30,1.13824991531276,0.900059680195039,0.374678510056047,TRUE,0.3364,"distorsion_tamano_documentada",""
"R4","sin_2020_2021","F4_BENCH_G2","G2",8,"yoy_pp","BENCH.ARP_BIC",30,1.09455623199877,0.851133752357344,0.3602958301694,TRUE,1,"distorsion_tamano_documentada",""
"R4","sin_2020_2021","F4_BENCH_G2","G2",8,"yoy_pp","BENCH.ETS",30,1.69607912973331,1.15382777123172,0.558299537488671,TRUE,0.3364,"distorsion_tamano_documentada",""
"R4","sin_2020_2021","F4_BENCH_G2","G2",8,"yoy_pp","BENCH.MEDIA_CRECIMIENTO",30,1.11393423356624,0.856281477032157,0.366674500316867,TRUE,0.6908,"distorsion_tamano_documentada",""
"R4","sin_2020_2021","F4_BENCH_G2","G2",8,"yoy_pp","BENCH.RW_CON_DERIVA",30,1.10750435969296,0.871500785922589,0.364557974297161,TRUE,0.6908,"distorsion_tamano_documentada",""
"R4","sin_2020_2021","F4_BENCH_G2","G2",8,"yoy_pp","BENCH.RW_SIN_DERIVA",30,3.03793755116218,2.86095640981664,1,FALSE,0,"distorsion_tamano_documentada",""
"R4","sin_2020","F4_BENCH_G3","G3",1,"yoy_pp","BENCH.AR1",21,1.36738094135828,0.952512470371014,0.901549067409213,TRUE,0.5252,,""
"R4","sin_2020","F4_BENCH_G3","G3",1,"yoy_pp","BENCH.ARP_BIC",21,3.04734402518717,1.58629957263468,2.00919149951987,TRUE,0.4528,,""
"R4","sin_2020","F4_BENCH_G3","G3",1,"yoy_pp","BENCH.ETS",21,1.80613540742076,1.1950942520724,1.19083105733319,TRUE,0.5252,,""
"R4","sin_2020","F4_BENCH_G3","G3",1,"yoy_pp","BENCH.MEDIA_CRECIMIENTO",21,5.68941599058886,2.77725554862124,3.75117681201794,TRUE,0.4402,,""
"R4","sin_2020","F4_BENCH_G3","G3",1,"yoy_pp","BENCH.RW_CON_DERIVA",21,1.17194936881143,0.869035346075457,0.772696056048013,TRUE,1,,""
"R4","sin_2020","F4_BENCH_G3","G3",1,"yoy_pp","BENCH.RW_SIN_DERIVA",21,1.51670163143503,1.20719623097546,1,TRUE,0.5252,,""
"R4","sin_2020","F4_BENCH_G3","G3",2,"yoy_pp","BENCH.AR1",21,3.23484293504853,1.77922796211218,1.00430461959219,TRUE,0.5362,,""
"R4","sin_2020","F4_BENCH_G3","G3",2,"yoy_pp","BENCH.ARP_BIC",21,4.33601632632424,2.43974066059155,1.34618011278785,TRUE,0.4218,,""
"R4","sin_2020","F4_BENCH_G3","G3",2,"yoy_pp","BENCH.ETS",21,3.36621054080782,1.98354871569746,1.0450896270803,TRUE,0.5362,,""
"R4","sin_2020","F4_BENCH_G3","G3",2,"yoy_pp","BENCH.MEDIA_CRECIMIENTO",21,5.71018976580883,2.79309553810002,1.77281249065152,TRUE,0.4654,,""
"R4","sin_2020","F4_BENCH_G3","G3",2,"yoy_pp","BENCH.RW_CON_DERIVA",21,2.51392349019954,1.53384239060792,0.78048456299188,TRUE,1,,""
"R4","sin_2020","F4_BENCH_G3","G3",2,"yoy_pp","BENCH.RW_SIN_DERIVA",21,3.22097785068645,2.35440376976542,1,TRUE,0.5362,,""
"R4","sin_2020","F4_BENCH_G3","G3",4,"yoy_pp","BENCH.AR1",21,7.03557125895225,3.25146469447859,1.00575765878847,TRUE,0.407,"distorsion_tamano_documentada",""
"R4","sin_2020","F4_BENCH_G3","G3",4,"yoy_pp","BENCH.ARP_BIC",21,6.5727568876497,3.45344055568225,0.939596848045121,TRUE,0.407,"distorsion_tamano_documentada",""
"R4","sin_2020","F4_BENCH_G3","G3",4,"yoy_pp","BENCH.ETS",21,7.33239801630616,3.50117944603087,1.04819000344878,TRUE,0.37,"distorsion_tamano_documentada",""
"R4","sin_2020","F4_BENCH_G3","G3",4,"yoy_pp","BENCH.MEDIA_CRECIMIENTO",21,5.69217168286924,2.80025471675573,0.813714345924653,TRUE,1,"distorsion_tamano_documentada",""
"R4","sin_2020","F4_BENCH_G3","G3",4,"yoy_pp","BENCH.RW_CON_DERIVA",21,5.77448641686053,2.77890024087859,0.825481503287678,TRUE,0.528,"distorsion_tamano_documentada",""
"R4","sin_2020","F4_BENCH_G3","G3",4,"yoy_pp","BENCH.RW_SIN_DERIVA",21,6.99529473872188,4.80864362896166,1,FALSE,0.01,"distorsion_tamano_documentada",""
"R4","sin_2020","F4_BENCH_G3","G3",8,"yoy_pp","BENCH.AR1",18,1.63908871570815,1.43268419740037,0.452944880428694,TRUE,0.2826,"distorsion_tamano_documentada",""
"R4","sin_2020","F4_BENCH_G3","G3",8,"yoy_pp","BENCH.ARP_BIC",18,1.57766693716032,1.35265227923407,0.435971619693354,TRUE,1,"distorsion_tamano_documentada",""
"R4","sin_2020","F4_BENCH_G3","G3",8,"yoy_pp","BENCH.ETS",18,2.28941270621979,1.79102399788431,0.632655056759778,TRUE,0.2826,"distorsion_tamano_documentada",""
"R4","sin_2020","F4_BENCH_G3","G3",8,"yoy_pp","BENCH.MEDIA_CRECIMIENTO",18,1.61262507261848,1.36277405703186,0.445631931751732,TRUE,0.2826,"distorsion_tamano_documentada",""
"R4","sin_2020","F4_BENCH_G3","G3",8,"yoy_pp","BENCH.RW_CON_DERIVA",18,1.59265624063329,1.38659733517618,0.44011375562792,TRUE,0.2826,"distorsion_tamano_documentada",""
"R4","sin_2020","F4_BENCH_G3","G3",8,"yoy_pp","BENCH.RW_SIN_DERIVA",18,3.6187377019403,3.37561056584571,1,FALSE,0,"distorsion_tamano_documentada",""
"R4","sin_2020_2021","F4_BENCH_G3","G3",1,"yoy_pp","BENCH.AR1",17,0.978427272109648,0.759430942799512,0.751507566812518,TRUE,0.7508,,"n_bajo_calibracion"
"R4","sin_2020_2021","F4_BENCH_G3","G3",1,"yoy_pp","BENCH.ARP_BIC",17,1.00266822991812,0.76407495009154,0.770126491017863,TRUE,0.4736,,"n_bajo_calibracion"
"R4","sin_2020_2021","F4_BENCH_G3","G3",1,"yoy_pp","BENCH.ETS",17,0.970539943819846,0.794835448231399,0.745449490693135,TRUE,1,,"n_bajo_calibracion"
"R4","sin_2020_2021","F4_BENCH_G3","G3",1,"yoy_pp","BENCH.MEDIA_CRECIMIENTO",17,1.42173314591035,1.23611035019931,1.09200065001873,FALSE,0.073,,"n_bajo_calibracion"
"R4","sin_2020_2021","F4_BENCH_G3","G3",1,"yoy_pp","BENCH.RW_CON_DERIVA",17,1.00266822991812,0.76407495009154,0.770126491017863,TRUE,0.4636,,"n_bajo_calibracion"
"R4","sin_2020_2021","F4_BENCH_G3","G3",1,"yoy_pp","BENCH.RW_SIN_DERIVA",17,1.30195265532668,1.03954292180478,1,FALSE,0.0652,,"n_bajo_calibracion"
"R4","sin_2020_2021","F4_BENCH_G3","G3",2,"yoy_pp","BENCH.AR1",17,1.14348620813112,1.01300228285395,0.573151227957077,TRUE,0.818,,"n_bajo_calibracion"
"R4","sin_2020_2021","F4_BENCH_G3","G3",2,"yoy_pp","BENCH.ARP_BIC",17,1.13978697925597,0.994189522684523,0.571297058175922,TRUE,1,,"n_bajo_calibracion"
"R4","sin_2020_2021","F4_BENCH_G3","G3",2,"yoy_pp","BENCH.ETS",17,1.16182882106781,1.02795331493166,0.582345122080023,TRUE,0.7784,,"n_bajo_calibracion"
"R4","sin_2020_2021","F4_BENCH_G3","G3",2,"yoy_pp","BENCH.MEDIA_CRECIMIENTO",17,1.42888667148572,1.24172697359351,0.716202910494248,TRUE,0.1114,,"n_bajo_calibracion"
"R4","sin_2020_2021","F4_BENCH_G3","G3",2,"yoy_pp","BENCH.RW_CON_DERIVA",17,1.139786979256,0.994189522684544,0.571297058175933,TRUE,0.818,,"n_bajo_calibracion"
"R4","sin_2020_2021","F4_BENCH_G3","G3",2,"yoy_pp","BENCH.RW_SIN_DERIVA",17,1.99508637922129,1.73248784121571,1,FALSE,0,,"n_bajo_calibracion"
"R4","sin_2020_2021","F4_BENCH_G3","G3",4,"yoy_pp","BENCH.AR1",17,1.4333459836897,1.24307128100759,0.417214003054802,TRUE,0.5174,"distorsion_tamano_documentada","n_bajo_calibracion"
"R4","sin_2020_2021","F4_BENCH_G3","G3",4,"yoy_pp","BENCH.ARP_BIC",17,2.00036634370525,1.4763538407955,0.582260570253247,TRUE,0.3246,"distorsion_tamano_documentada","n_bajo_calibracion"
"R4","sin_2020_2021","F4_BENCH_G3","G3",4,"yoy_pp","BENCH.ETS",17,1.64563235713805,1.35797072902385,0.479005676989925,TRUE,0.5174,"distorsion_tamano_documentada","n_bajo_calibracion"
"R4","sin_2020_2021","F4_BENCH_G3","G3",4,"yoy_pp","BENCH.MEDIA_CRECIMIENTO",17,1.45664413966621,1.26638697973432,0.423995559656881,TRUE,0.5174,"distorsion_tamano_documentada","n_bajo_calibracion"
"R4","sin_2020_2021","F4_BENCH_G3","G3",4,"yoy_pp","BENCH.RW_CON_DERIVA",17,1.40605724014904,1.22596334104061,0.409270878323935,TRUE,1,"distorsion_tamano_documentada","n_bajo_calibracion"
"R4","sin_2020_2021","F4_BENCH_G3","G3",4,"yoy_pp","BENCH.RW_SIN_DERIVA",17,3.43551743995857,3.22583596146526,1,FALSE,0,"distorsion_tamano_documentada","n_bajo_calibracion"
"R4","sin_2020_2021","F4_BENCH_G3","G3",8,"yoy_pp","BENCH.AR1",17,1.46253278392059,1.31322322126466,0.42570960837219,TRUE,0.2662,"distorsion_tamano_documentada","n_bajo_calibracion"
"R4","sin_2020_2021","F4_BENCH_G3","G3",8,"yoy_pp","BENCH.ARP_BIC",17,1.39786899492231,1.23201297031001,0.406887468729941,TRUE,1,"distorsion_tamano_documentada","n_bajo_calibracion"
"R4","sin_2020_2021","F4_BENCH_G3","G3",8,"yoy_pp","BENCH.ETS",17,2.20600680509373,1.69589910396751,0.642117772256262,TRUE,0.2662,"distorsion_tamano_documentada","n_bajo_calibracion"
"R4","sin_2020_2021","F4_BENCH_G3","G3",8,"yoy_pp","BENCH.MEDIA_CRECIMIENTO",17,1.43051941213122,1.23898396482545,0.416391253175671,TRUE,0.3548,"distorsion_tamano_documentada","n_bajo_calibracion"
"R4","sin_2020_2021","F4_BENCH_G3","G3",8,"yoy_pp","BENCH.RW_CON_DERIVA",17,1.41575210131356,1.2679547942487,0.412092829117072,TRUE,0.3548,"distorsion_tamano_documentada","n_bajo_calibracion"
"R4","sin_2020_2021","F4_BENCH_G3","G3",8,"yoy_pp","BENCH.RW_SIN_DERIVA",17,3.43551743995857,3.22583596146526,1,FALSE,0,"distorsion_tamano_documentada","n_bajo_calibracion"
"R5","completa","F4_BENCH_G2_R5","G2",1,"yoy_pp","BENCH.AR1",45,5.4011316642231,1.98524800547363,1.31326981019382,TRUE,0.5598,,""
"R5","completa","F4_BENCH_G2_R5","G2",1,"yoy_pp","BENCH.ARP_BIC",45,5.89007973788273,2.44312921711038,1.43215614435653,TRUE,0.4704,,""
"R5","completa","F4_BENCH_G2_R5","G2",1,"yoy_pp","BENCH.ETS",45,5.05983451219102,2.05061380661859,1.23028437789307,TRUE,0.5598,,""
"R5","completa","F4_BENCH_G2_R5","G2",1,"yoy_pp","BENCH.MEDIA_CRECIMIENTO",45,5.71661567847156,2.58476123974942,1.38997885142229,TRUE,0.5598,,""
"R5","completa","F4_BENCH_G2_R5","G2",1,"yoy_pp","BENCH.RW_CON_DERIVA",45,4.09196721627346,1.60221569950463,0.994950196276649,TRUE,1,,""
"R5","completa","F4_BENCH_G2_R5","G2",1,"yoy_pp","BENCH.RW_SIN_DERIVA",45,4.11273572444794,1.82648412787444,1,TRUE,0.721,,""
"R5","completa","F4_BENCH_G2_R5","G2",2,"yoy_pp","BENCH.AR1",44,7.14660175262468,2.63933294552394,1.3194700026652,TRUE,0.6242,,""
"R5","completa","F4_BENCH_G2_R5","G2",2,"yoy_pp","BENCH.ARP_BIC",44,7.59887516412247,3.07616976058256,1.40297279463975,TRUE,0.473,,""
"R5","completa","F4_BENCH_G2_R5","G2",2,"yoy_pp","BENCH.ETS",44,7.12361227351317,2.83414802182389,1.31522547790861,TRUE,0.5864,,""
"R5","completa","F4_BENCH_G2_R5","G2",2,"yoy_pp","BENCH.MEDIA_CRECIMIENTO",44,5.82843930401955,2.67424465069487,1.0760989754584,TRUE,0.6952,,""
"R5","completa","F4_BENCH_G2_R5","G2",2,"yoy_pp","BENCH.RW_CON_DERIVA",44,5.34605133629659,2.15145537122142,0.987036162797364,TRUE,1,,""
"R5","completa","F4_BENCH_G2_R5","G2",2,"yoy_pp","BENCH.RW_SIN_DERIVA",44,5.41626693914165,2.81093539861337,1,TRUE,0.6952,,""
"R5","completa","F4_BENCH_G2_R5","G2",4,"yoy_pp","BENCH.AR1",42,8.48579793077013,3.38732189555566,1.32628703992161,TRUE,0.4918,"distorsion_tamano_documentada",""
"R5","completa","F4_BENCH_G2_R5","G2",4,"yoy_pp","BENCH.ARP_BIC",42,8.67895917133169,3.59880643671636,1.3564771589961,TRUE,0.3206,"distorsion_tamano_documentada",""
"R5","completa","F4_BENCH_G2_R5","G2",4,"yoy_pp","BENCH.ETS",42,9.78328356978259,3.72328769665721,1.52907744355198,TRUE,0.4676,"distorsion_tamano_documentada",""
"R5","completa","F4_BENCH_G2_R5","G2",4,"yoy_pp","BENCH.MEDIA_CRECIMIENTO",42,5.95593139483952,2.77565360020834,0.930881772590243,TRUE,1,"distorsion_tamano_documentada",""
"R5","completa","F4_BENCH_G2_R5","G2",4,"yoy_pp","BENCH.RW_CON_DERIVA",42,6.05300459416509,2.7494952436589,0.946053819725891,TRUE,0.4918,"distorsion_tamano_documentada",""
"R5","completa","F4_BENCH_G2_R5","G2",4,"yoy_pp","BENCH.RW_SIN_DERIVA",42,6.39816093752349,4.21970454699667,1,TRUE,0.4918,"distorsion_tamano_documentada",""
"R5","completa","F4_BENCH_G2_R5","G2",8,"yoy_pp","BENCH.AR1",38,6.2110918388222,3.0324931022746,0.932833664520406,TRUE,0.5148,"distorsion_tamano_documentada",""
"R5","completa","F4_BENCH_G2_R5","G2",8,"yoy_pp","BENCH.ARP_BIC",38,6.21825869913745,3.03937785010596,0.93391004347993,TRUE,0.5148,"distorsion_tamano_documentada",""
"R5","completa","F4_BENCH_G2_R5","G2",8,"yoy_pp","BENCH.ETS",38,8.02992099463874,3.69634706080161,1.20600062301745,TRUE,0.5148,"distorsion_tamano_documentada",""
"R5","completa","F4_BENCH_G2_R5","G2",8,"yoy_pp","BENCH.MEDIA_CRECIMIENTO",38,6.15763026607591,2.89343941451084,0.924804358866893,TRUE,1,"distorsion_tamano_documentada",""
"R5","completa","F4_BENCH_G2_R5","G2",8,"yoy_pp","BENCH.RW_CON_DERIVA",38,6.15789097992848,2.87033685932684,0.924843515051473,TRUE,0.9808,"distorsion_tamano_documentada",""
"R5","completa","F4_BENCH_G2_R5","G2",8,"yoy_pp","BENCH.RW_SIN_DERIVA",38,6.6583058427844,4.39149449524012,1,TRUE,0.5148,"distorsion_tamano_documentada",""
"R5","completa","F4_BENCH_G3_R5","G3",1,"yoy_pp","BENCH.AR1",25,7.20946929143345,3.14560233702377,1.32789634332526,TRUE,0.629,,""
"R5","completa","F4_BENCH_G3_R5","G3",1,"yoy_pp","BENCH.ARP_BIC",25,7.86123170513928,3.8780775640961,1.44794303343395,TRUE,0.4126,,""
"R5","completa","F4_BENCH_G3_R5","G3",1,"yoy_pp","BENCH.ETS",25,6.75704590265946,3.30062033442224,1.24456547120383,TRUE,0.629,,""
"R5","completa","F4_BENCH_G3_R5","G3",1,"yoy_pp","BENCH.MEDIA_CRECIMIENTO",25,7.63048389388663,4.10042176786438,1.40544209995237,TRUE,0.629,,""
"R5","completa","F4_BENCH_G3_R5","G3",1,"yoy_pp","BENCH.RW_CON_DERIVA",25,5.43056584590216,2.36443323240574,1.00024401761849,TRUE,0.9868,,""
"R5","completa","F4_BENCH_G3_R5","G3",1,"yoy_pp","BENCH.RW_SIN_DERIVA",25,5.42924101543936,2.625262648047,1,TRUE,1,,""
"R5","completa","F4_BENCH_G3_R5","G3",2,"yoy_pp","BENCH.AR1",24,9.63828106409505,4.3306703790886,1.33620946767673,TRUE,0.5782,,""
"R5","completa","F4_BENCH_G3_R5","G3",2,"yoy_pp","BENCH.ARP_BIC",24,10.2483743105356,5.07682230454128,1.42079014826056,TRUE,0.318,,""
"R5","completa","F4_BENCH_G3_R5","G3",2,"yoy_pp","BENCH.ETS",24,9.61124251766578,4.73850221158429,1.33246096091595,TRUE,0.5432,,""
"R5","completa","F4_BENCH_G3_R5","G3",2,"yoy_pp","BENCH.MEDIA_CRECIMIENTO",24,7.8330633926902,4.21569417757846,1.08594192228066,TRUE,0.6976,,""
"R5","completa","F4_BENCH_G3_R5","G3",2,"yoy_pp","BENCH.RW_CON_DERIVA",24,7.18083129458199,3.38151259071253,0.995519294135742,TRUE,1,,""
"R5","completa","F4_BENCH_G3_R5","G3",2,"yoy_pp","BENCH.RW_SIN_DERIVA",24,7.21315130392929,4.06957873769734,1,TRUE,0.8374,,""
"R5","completa","F4_BENCH_G3_R5","G3",4,"yoy_pp","BENCH.AR1",22,10.2075818320401,4.21014390249975,1.48966284170058,TRUE,0.4286,"distorsion_tamano_documentada",""
"R5","completa","F4_BENCH_G3_R5","G3",4,"yoy_pp","BENCH.ARP_BIC",22,10.4769236341114,4.59914120737076,1.52896974914097,TRUE,0.1484,"distorsion_tamano_documentada",""
"R5","completa","F4_BENCH_G3_R5","G3",4,"yoy_pp","BENCH.ETS",22,12.21529295627,4.94965476346448,1.78266197781785,TRUE,0.3528,"distorsion_tamano_documentada",""
"R5","completa","F4_BENCH_G3_R5","G3",4,"yoy_pp","BENCH.MEDIA_CRECIMIENTO",22,5.84050696000519,3.01908155534338,0.85234547595828,TRUE,1,"distorsion_tamano_documentada",""
"R5","completa","F4_BENCH_G3_R5","G3",4,"yoy_pp","BENCH.RW_CON_DERIVA",22,5.99265001246742,2.97772892971565,0.8745487612814,TRUE,0.549,"distorsion_tamano_documentada",""
"R5","completa","F4_BENCH_G3_R5","G3",4,"yoy_pp","BENCH.RW_SIN_DERIVA",22,6.85227659997701,4.72617529025111,1,TRUE,0.4286,"distorsion_tamano_documentada",""
"R5","completa","F4_BENCH_G3_R5","G3",8,"yoy_pp","BENCH.AR1",18,2.11871863650539,1.73734686566142,0.591384311797334,TRUE,0.4138,"distorsion_tamano_documentada",""
"R5","completa","F4_BENCH_G3_R5","G3",8,"yoy_pp","BENCH.ARP_BIC",18,2.12373055296048,1.81178146030103,0.592783255815908,TRUE,0.4138,"distorsion_tamano_documentada",""
"R5","completa","F4_BENCH_G3_R5","G3",8,"yoy_pp","BENCH.ETS",18,7.68841344540229,3.16361923195555,2.14601741632013,TRUE,0.4138,"distorsion_tamano_documentada",""
"R5","completa","F4_BENCH_G3_R5","G3",8,"yoy_pp","BENCH.MEDIA_CRECIMIENTO",18,1.74637288062292,1.4694420718367,0.487453834763154,TRUE,0.4182,"distorsion_tamano_documentada",""
"R5","completa","F4_BENCH_G3_R5","G3",8,"yoy_pp","BENCH.RW_CON_DERIVA",18,1.71259402040781,1.45491714643398,0.478025358675099,TRUE,1,"distorsion_tamano_documentada",""
"R5","completa","F4_BENCH_G3_R5","G3",8,"yoy_pp","BENCH.RW_SIN_DERIVA",18,3.58264261367736,3.38076639174846,1,TRUE,0.4138,"distorsion_tamano_documentada",""
"R6","completa","F4_BENCH_G1_R6","G1",1,"yoy_pp","BENCH.AR1",52,4.61701806892025,1.68052301303411,1.19556057722889,TRUE,0.5882,,""
"R6","completa","F4_BENCH_G1_R6","G1",1,"yoy_pp","BENCH.ARP_BIC",52,4.43750965126151,1.82265333192711,1.14907750433858,TRUE,0.5882,,""
"R6","completa","F4_BENCH_G1_R6","G1",1,"yoy_pp","BENCH.ETS",52,4.21888652723759,1.65024041250832,1.09246581591719,TRUE,0.5882,,""
"R6","completa","F4_BENCH_G1_R6","G1",1,"yoy_pp","BENCH.MEDIA_CRECIMIENTO",52,5.30289866993551,2.29986072353316,1.37316694458965,TRUE,0.5882,,""
"R6","completa","F4_BENCH_G1_R6","G1",1,"yoy_pp","BENCH.RW_CON_DERIVA",52,3.82466391857626,1.42050858449263,0.990383259052076,TRUE,1,,""
"R6","completa","F4_BENCH_G1_R6","G1",1,"yoy_pp","BENCH.RW_SIN_DERIVA",52,3.86180186672073,1.64212793985159,1,TRUE,0.5882,,""
"R6","completa","F4_BENCH_G1_R6","G1",2,"yoy_pp","BENCH.AR1",51,5.8449169396855,2.19364395507595,1.15669191932686,TRUE,0.8056,,""
"R6","completa","F4_BENCH_G1_R6","G1",2,"yoy_pp","BENCH.ARP_BIC",51,5.42192023316192,2.31277115809415,1.07298211174762,TRUE,0.8056,,""
"R6","completa","F4_BENCH_G1_R6","G1",2,"yoy_pp","BENCH.ETS",51,5.57741948714734,2.23991905267487,1.1037549580348,TRUE,0.8056,,""
"R6","completa","F4_BENCH_G1_R6","G1",2,"yoy_pp","BENCH.MEDIA_CRECIMIENTO",51,5.37335927117906,2.33426028346304,1.06337203979964,TRUE,0.8056,,""
"R6","completa","F4_BENCH_G1_R6","G1",2,"yoy_pp","BENCH.RW_CON_DERIVA",51,4.93165408628959,1.93140344918483,0.97595987922343,TRUE,1,,""
"R6","completa","F4_BENCH_G1_R6","G1",2,"yoy_pp","BENCH.RW_SIN_DERIVA",51,5.05313198962001,2.57965912399492,1,TRUE,0.8056,,""
"R6","completa","F4_BENCH_G1_R6","G1",4,"yoy_pp","BENCH.AR1",49,6.58995276411812,2.69184210008227,1.10330748554469,TRUE,0.6508,"distorsion_tamano_documentada",""
"R6","completa","F4_BENCH_G1_R6","G1",4,"yoy_pp","BENCH.ARP_BIC",49,5.90390328816724,2.70809601319853,0.988447250674413,TRUE,0.6508,"distorsion_tamano_documentada",""
"R6","completa","F4_BENCH_G1_R6","G1",4,"yoy_pp","BENCH.ETS",49,6.74266219380481,2.81934844999428,1.12887450596462,TRUE,0.5774,"distorsion_tamano_documentada",""
"R6","completa","F4_BENCH_G1_R6","G1",4,"yoy_pp","BENCH.MEDIA_CRECIMIENTO",49,5.47755237218125,2.41228920039433,0.91706644205353,TRUE,1,"distorsion_tamano_documentada",""
"R6","completa","F4_BENCH_G1_R6","G1",4,"yoy_pp","BENCH.RW_CON_DERIVA",49,5.52698566116436,2.41422237691052,0.925342695271478,TRUE,0.6508,"distorsion_tamano_documentada",""
"R6","completa","F4_BENCH_G1_R6","G1",4,"yoy_pp","BENCH.RW_SIN_DERIVA",49,5.97290678297606,3.86595365233953,1,TRUE,0.6508,"distorsion_tamano_documentada",""
"R6","completa","F4_BENCH_G1_R6","G1",8,"yoy_pp","BENCH.AR1",45,5.65899035944583,2.50307702048167,0.913099936601246,TRUE,0.8046,"distorsion_tamano_documentada",""
"R6","completa","F4_BENCH_G1_R6","G1",8,"yoy_pp","BENCH.ARP_BIC",45,5.65453131162201,2.4670944094326,0.912380452024208,TRUE,1,"distorsion_tamano_documentada",""
"R6","completa","F4_BENCH_G1_R6","G1",8,"yoy_pp","BENCH.ETS",45,5.92931135588169,2.7636901528086,0.956717272738878,TRUE,0.3538,"distorsion_tamano_documentada",""
"R6","completa","F4_BENCH_G1_R6","G1",8,"yoy_pp","BENCH.MEDIA_CRECIMIENTO",45,5.6558596502632,2.47154944996813,0.912594784590974,TRUE,0.8674,"distorsion_tamano_documentada",""
"R6","completa","F4_BENCH_G1_R6","G1",8,"yoy_pp","BENCH.RW_CON_DERIVA",45,5.65624661006292,2.47960306321869,0.912657222048215,TRUE,0.8596,"distorsion_tamano_documentada",""
"R6","completa","F4_BENCH_G1_R6","G1",8,"yoy_pp","BENCH.RW_SIN_DERIVA",45,6.19755859419924,4.05598611863954,1,TRUE,0.1812,"distorsion_tamano_documentada",""
"R6","completa","F4_BENCH_G2_R6","G2",1,"yoy_pp","BENCH.AR1",45,4.95523663827714,1.85462803166067,1.19719408996957,TRUE,0.6144,,""
"R6","completa","F4_BENCH_G2_R6","G2",1,"yoy_pp","BENCH.ARP_BIC",45,4.76223614095914,2.01824547598674,1.15056482246588,TRUE,0.6144,,""
"R6","completa","F4_BENCH_G2_R6","G2",1,"yoy_pp","BENCH.ETS",45,4.52585548968584,1.8157967590727,1.09345483169338,TRUE,0.6144,,""
"R6","completa","F4_BENCH_G2_R6","G2",1,"yoy_pp","BENCH.MEDIA_CRECIMIENTO",45,5.67599622549365,2.47991515308713,1.37133090342446,TRUE,0.6144,,""
"R6","completa","F4_BENCH_G2_R6","G2",1,"yoy_pp","BENCH.RW_CON_DERIVA",45,4.10217129883033,1.55354487895134,0.991091968659235,TRUE,1,,""
"R6","completa","F4_BENCH_G2_R6","G2",1,"yoy_pp","BENCH.RW_SIN_DERIVA",45,4.13904201481908,1.80218744395309,1,TRUE,0.6144,,""
"R6","completa","F4_BENCH_G2_R6","G2",2,"yoy_pp","BENCH.AR1",44,6.27587070801029,2.37403570363937,1.16143286329945,TRUE,0.7752,,""
"R6","completa","F4_BENCH_G2_R6","G2",2,"yoy_pp","BENCH.ARP_BIC",44,5.8186383367913,2.50796731306884,1.07681596680726,TRUE,0.7752,,""
"R6","completa","F4_BENCH_G2_R6","G2",2,"yoy_pp","BENCH.ETS",44,5.98432209744039,2.41420435526393,1.10747793762946,TRUE,0.7752,,""
"R6","completa","F4_BENCH_G2_R6","G2",2,"yoy_pp","BENCH.MEDIA_CRECIMIENTO",44,5.76255105903203,2.53803398903822,1.06643627438953,TRUE,0.7752,,""
"R6","completa","F4_BENCH_G2_R6","G2",2,"yoy_pp","BENCH.RW_CON_DERIVA",44,5.28895060859509,2.06592746865122,0.978790248395268,TRUE,1,,""
"R6","completa","F4_BENCH_G2_R6","G2",2,"yoy_pp","BENCH.RW_SIN_DERIVA",44,5.40355874740921,2.78257010028006,1,TRUE,0.7752,,""
"R6","completa","F4_BENCH_G2_R6","G2",4,"yoy_pp","BENCH.AR1",42,7.09707660617072,2.9514502281635,1.1109022051231,TRUE,0.6388,"distorsion_tamano_documentada",""
"R6","completa","F4_BENCH_G2_R6","G2",4,"yoy_pp","BENCH.ARP_BIC",42,6.35159241018961,2.96509031769022,0.99421189964158,TRUE,0.6388,"distorsion_tamano_documentada",""
"R6","completa","F4_BENCH_G2_R6","G2",4,"yoy_pp","BENCH.ETS",42,7.25932147490922,3.07083327412425,1.13629832136268,TRUE,0.5592,"distorsion_tamano_documentada",""
"R6","completa","F4_BENCH_G2_R6","G2",4,"yoy_pp","BENCH.MEDIA_CRECIMIENTO",42,5.89119618678954,2.62454736814892,0.922146286123925,TRUE,1,"distorsion_tamano_documentada",""
"R6","completa","F4_BENCH_G2_R6","G2",4,"yoy_pp","BENCH.RW_CON_DERIVA",42,5.94273831537086,2.62223774202088,0.930214152299688,TRUE,0.6388,"distorsion_tamano_documentada",""
"R6","completa","F4_BENCH_G2_R6","G2",4,"yoy_pp","BENCH.RW_SIN_DERIVA",42,6.38857009504655,4.1996248685852,1,TRUE,0.6388,"distorsion_tamano_documentada",""
"R6","completa","F4_BENCH_G2_R6","G2",8,"yoy_pp","BENCH.AR1",38,6.14719658496411,2.82663604044466,0.923286434141761,TRUE,0.7862,"distorsion_tamano_documentada",""
"R6","completa","F4_BENCH_G2_R6","G2",8,"yoy_pp","BENCH.ARP_BIC",38,6.1418916372249,2.78288799044263,0.922489650402418,TRUE,1,"distorsion_tamano_documentada",""
"R6","completa","F4_BENCH_G2_R6","G2",8,"yoy_pp","BENCH.ETS",38,6.44337525118398,3.14454572908218,0.967771386074466,TRUE,0.3134,"distorsion_tamano_documentada",""
"R6","completa","F4_BENCH_G2_R6","G2",8,"yoy_pp","BENCH.MEDIA_CRECIMIENTO",38,6.14363313241787,2.78730607002323,0.922751216608179,TRUE,0.8856,"distorsion_tamano_documentada",""
"R6","completa","F4_BENCH_G2_R6","G2",8,"yoy_pp","BENCH.RW_CON_DERIVA",38,6.14376172860207,2.79770086992616,0.922770531284505,TRUE,0.8856,"distorsion_tamano_documentada",""
"R6","completa","F4_BENCH_G2_R6","G2",8,"yoy_pp","BENCH.RW_SIN_DERIVA",38,6.65795180959008,4.36906983698394,1,TRUE,0.3134,"distorsion_tamano_documentada",""
"R6","completa","F4_BENCH_G3_R6","G3",1,"yoy_pp","BENCH.AR1",25,6.62610435767568,2.93551845294542,1.20619021206788,TRUE,0.5686,,""
"R6","completa","F4_BENCH_G3_R6","G3",1,"yoy_pp","BENCH.ARP_BIC",25,6.36342077431691,3.19871058085894,1.158372316361,TRUE,0.5686,,""
"R6","completa","F4_BENCH_G3_R6","G3",1,"yoy_pp","BENCH.ETS",25,6.04724644157648,2.86480682500629,1.10081717311656,TRUE,0.5686,,""
"R6","completa","F4_BENCH_G3_R6","G3",1,"yoy_pp","BENCH.MEDIA_CRECIMIENTO",25,7.59494878275463,4.06388293217499,1.38255487514371,TRUE,0.5686,,""
"R6","completa","F4_BENCH_G3_R6","G3",1,"yoy_pp","BENCH.RW_CON_DERIVA",25,5.47368005055555,2.36224950619522,0.996407382766804,TRUE,1,,""
"R6","completa","F4_BENCH_G3_R6","G3",1,"yoy_pp","BENCH.RW_SIN_DERIVA",25,5.49341579079467,2.67371931855006,1,TRUE,0.8126,,""
"R6","completa","F4_BENCH_G3_R6","G3",2,"yoy_pp","BENCH.AR1",24,8.46499942067387,3.94354289923456,1.17373706646293,TRUE,0.7738,,""
"R6","completa","F4_BENCH_G3_R6","G3",2,"yoy_pp","BENCH.ARP_BIC",24,7.84068005329849,4.16469648541445,1.08717039984161,TRUE,0.7738,,""
"R6","completa","F4_BENCH_G3_R6","G3",2,"yoy_pp","BENCH.ETS",24,8.06829041533285,4.0111869917707,1.11873032150898,TRUE,0.7738,,""
"R6","completa","F4_BENCH_G3_R6","G3",2,"yoy_pp","BENCH.MEDIA_CRECIMIENTO",24,7.75829702729886,4.13446562429436,1.07574736169857,TRUE,0.7738,,""
"R6","completa","F4_BENCH_G3_R6","G3",2,"yoy_pp","BENCH.RW_CON_DERIVA",24,7.11967336672064,3.35429010398218,0.987197295161035,TRUE,1,,""
"R6","completa","F4_BENCH_G3_R6","G3",2,"yoy_pp","BENCH.RW_SIN_DERIVA",24,7.21200655797913,4.05310092296141,1,TRUE,0.7738,,""
"R6","completa","F4_BENCH_G3_R6","G3",4,"yoy_pp","BENCH.AR1",22,7.86609670803548,3.53590341565575,1.14786556922469,TRUE,0.4942,"distorsion_tamano_documentada",""
"R6","completa","F4_BENCH_G3_R6","G3",4,"yoy_pp","BENCH.ARP_BIC",22,6.51871359950468,3.52810400441077,0.951247762929798,TRUE,0.4942,"distorsion_tamano_documentada",""
"R6","completa","F4_BENCH_G3_R6","G3",4,"yoy_pp","BENCH.ETS",22,8.15561046250889,3.75397633038454,1.19011306285613,TRUE,0.4942,"distorsion_tamano_documentada",""
"R6","completa","F4_BENCH_G3_R6","G3",4,"yoy_pp","BENCH.MEDIA_CRECIMIENTO",22,5.65514571117642,2.8914187783452,0.825231025214448,TRUE,1,"distorsion_tamano_documentada",""
"R6","completa","F4_BENCH_G3_R6","G3",4,"yoy_pp","BENCH.RW_CON_DERIVA",22,5.73562678077531,2.87356726904206,0.836975280617839,TRUE,0.531,"distorsion_tamano_documentada",""
"R6","completa","F4_BENCH_G3_R6","G3",4,"yoy_pp","BENCH.RW_SIN_DERIVA",22,6.85280307984888,4.69689099790979,1,TRUE,0.4942,"distorsion_tamano_documentada",""
"R6","completa","F4_BENCH_G3_R6","G3",8,"yoy_pp","BENCH.AR1",18,1.65003902231601,1.44552671762718,0.455970882175651,TRUE,0.1422,"distorsion_tamano_documentada",""
"R6","completa","F4_BENCH_G3_R6","G3",8,"yoy_pp","BENCH.ARP_BIC",18,1.57695056579792,1.35580055588152,0.435773658022352,TRUE,1,"distorsion_tamano_documentada",""
"R6","completa","F4_BENCH_G3_R6","G3",8,"yoy_pp","BENCH.ETS",18,3.21066846874204,2.09753539758349,0.887234370985369,TRUE,0.1422,"distorsion_tamano_documentada",""
"R6","completa","F4_BENCH_G3_R6","G3",8,"yoy_pp","BENCH.MEDIA_CRECIMIENTO",18,1.61258443147276,1.36296286899318,0.445620700999722,TRUE,0.212,"distorsion_tamano_documentada",""
"R6","completa","F4_BENCH_G3_R6","G3",8,"yoy_pp","BENCH.RW_CON_DERIVA",18,1.59225515741238,1.38707219034673,0.440002920509723,TRUE,0.246,"distorsion_tamano_documentada",""
"R6","completa","F4_BENCH_G3_R6","G3",8,"yoy_pp","BENCH.RW_SIN_DERIVA",18,3.6187377019403,3.37561056584571,1,FALSE,0,"distorsion_tamano_documentada",""
